article,coder,no_selections_found
PMC5381613,carsonbrown19,false
PMC3686433,evelynkue,false
PMC5440747,evelynkue,false
PMC4832084,tonyli0409,false
PMC4152993,monicacho92,false
PMC4708074,jasleen29,true
PMC3384081,mjsong1201,true
PMC5271396,mjsong1201,false
PMC4756880,shruthikrish,true
PMC2715039,oceanwall,true
PMC4166385,anneclarisse,true
PMC4843151,henryrossiter,true
PMC5421174,jackchristen,false
PMC3691378,oceanwall,false
PMC4963800,anneclarisse,false
PMC3459387,jasleen29,true
PMC4785310,ankimnguyen,false
PMC3729991,jackchristen,false
PMC3860045,oceanwall,true
PMC3857483,raghu-achukola,false
PMC3287198,henryrossiter,false
PMC4004741,oceanwall,false
PMC3837047,slungu99,false
PMC5473125,oceanwall,false
PMC4273078,jasleen29,false
PMC4350160,henryrossiter,false
PMC4987497,carsonbrown19,true
PMC4515454,meganpearson,false
PMC4092349,jackchristen,true
PMC3049292,henryrossiter,false
PMC3994306,jackchristen,false
PMC4968324,ankimnguyen,true
PMC3148775,mjsong1201,true
PMC4327489,ppseguel,false
PMC3501353,jackchristen,false
PMC4976685,shruthikrish,true
PMC5371709,jackchristen,false
PMC3970613,henryrossiter,true
PMC4495251,mjsong1201,true
PMC4960374,anneclarisse,false
PMC3762194,evelynkue,false
PMC3641396,anneclarisse,true
PMC5081317,realrichardparker,false
PMC4478705,henryrossiter,false
PMC4213841,evelynkue,true
PMC4427257,henryrossiter,true
PMC5256325,henryrossiter,false
PMC4878286,ppseguel,true
PMC4689827,ankimnguyen,false
PMC4674517,mjsong1201,false
PMC4929210,jackchristen,false
PMC3590666,evelynkue,false
PMC4912054,w1001766,true
PMC3611058,sahilshahh,true
PMC5363294,tonyli0409,true
PMC3357243,jackchristen,true
PMC2831247,jackchristen,true
PMC4397380,realrichardparker,false
PMC4967653,mrcyndns,false
PMC5449525,ctjoe,true
PMC5364865,anneclarisse,false
PMC3766777,anneclarisse,true
PMC2816832,mrcyndns,false
PMC4978934,ankimnguyen,true
PMC2803435,evelynkue,false
PMC5001609,yashkar,false
PMC4705095,oceanwall,true
PMC5147391,evelynkue,true
PMC3015889,anneclarisse,true
PMC4647257,jackchristen,false
PMC3349042,jackchristen,false
PMC4997123,ankimnguyen,true
PMC4537151,jasleen29,false
PMC3702283,ankimnguyen,false
PMC4266938,evelynkue,false
PMC5257183,yashkar,true
PMC4524268,mjsong1201,true
PMC2948376,jasleen29,true
PMC4543182,henryrossiter,true
PMC3927027,evelynkue,true
PMC3029787,jackchristen,false
PMC5078571,evelynkue,false
PMC4793049,jasleen29,false
PMC4023132,anneclarisse,true
PMC3871393,evelynkue,true
PMC5337457,jackchristen,true
PMC3733301,tonyli0409,true
PMC5348473,jaskiratsingh23,false
PMC3552537,jackchristen,true
PMC4597507,ankimnguyen,false
PMC3013655,brentbiglin,true
PMC5165059,evelynkue,true
PMC3865386,mjsong1201,false
PMC4665880,mjsong1201,false
PMC2367720,oceanwall,false
PMC4832390,carsonbrown19,false
PMC4309346,henryrossiter,true
PMC3216544,jackchristen,true
PMC3524521,ankimnguyen,false
PMC2703206,sehreenali,false
PMC3608489,tonyli0409,false
PMC4176174,jackchristen,false
PMC3507205,anneclarisse,false
PMC3240954,jasleen29,true
PMC4812582,henryrossiter,false
PMC4994671,jasleen29,true
PMC2722173,henryrossiter,false
PMC2731899,jackchristen,true
PMC4718351,mjsong1201,false
PMC4078681,jackchristen,false
PMC4586752,ankimnguyen,false
PMC5334298,evelynkue,false
PMC3020584,evelynkue,true
PMC3616278,ankimnguyen,true
PMC4800885,sahilshahh,false
PMC2858844,sahilshahh,true
PMC1802622,ankimnguyen,false
PMC3061076,henryrossiter,true
PMC4411514,carsonbrown19,false
PMC3373399,anneclarisse,false
PMC5128353,brentbiglin,false
PMC3544323,henryrossiter,true
PMC5367605,jcsick,false
PMC4917779,anneclarisse,true
PMC4553351,mjsong1201,false
PMC3400965,ankimnguyen,false
PMC2238715,evelynkue,false
PMC4621721,jackchristen,false
PMC4968915,mjsong1201,false
PMC4843533,mjsong1201,false
PMC4433477,sehreenali,true
PMC4766201,oceanwall,false
PMC3730412,ankimnguyen,false
PMC5104181,mjsong1201,false
PMC4874631,evelynkue,false
PMC3988440,evelynkue,false
PMC5066446,evelynkue,false
PMC4793029,evelynkue,false
PMC4809623,henryrossiter,false
PMC4017532,mjsong1201,false
PMC4486157,tonyli0409,true
PMC4314705,jcsick,true
PMC4306576,jcsick,false
PMC3483332,mjsong1201,true
PMC4453652,anneclarisse,false
PMC4812167,sahilshahh,false
PMC3018578,realrichardparker,false
PMC3223032,jackchristen,true
PMC3016821,meganpearson,false
PMC5078599,mjsong1201,false
PMC4858091,tonyli0409,true
PMC3524325,sahilshahh,false
PMC5400067,mjsong1201,false
PMC4597711,jasleen29,true
PMC5094519,jackchristen,false
PMC3898677,jaskiratsingh23,true
PMC3717584,oceanwall,false
PMC4215594,anneclarisse,false
PMC4092186,oceanwall,true
PMC4073352,henryrossiter,false
PMC3717207,carsonbrown19,false
PMC2782146,jasleen29,true
PMC2773253,tonyli0409,false
PMC4117150,henryrossiter,true
PMC4241901,jackchristen,false
PMC4921791,oceanwall,false
PMC3383710,evelynkue,true
PMC3589720,evelynkue,false
PMC3730035,anneclarisse,true
PMC4027853,evelynkue,false
PMC5019270,oceanwall,false
PMC3717207,jackchristen,false
PMC4728097,jasleen29,true
PMC2677890,jackchristen,false
PMC4600182,jackchristen,false
PMC4632885,jackchristen,false
PMC2094076,jackchristen,false
PMC4997152,mjsong1201,true
PMC5045054,shruthikrish,true
PMC5013290,jcsick,false
PMC2677872,ankimnguyen,false
PMC4520192,evelynkue,true
PMC3287171,ankimnguyen,true
PMC3408515,anneclarisse,true
PMC3781569,jasleen29,false
PMC4111068,jcsick,true
PMC4886572,brentbiglin,false
PMC5018227,mrcyndns,true
PMC1950546,jackchristen,false
PMC5016904,brentbiglin,false
PMC4310345,mjsong1201,true
PMC4537145,evelynkue,true
PMC2650971,jackchristen,false
PMC3971421,mjsong1201,true
PMC2963510,oceanwall,true
PMC4597681,henryrossiter,true
PMC3547293,jasleen29,true
PMC3879235,jcsick,true
PMC4578141,jackchristen,true
PMC3177212,jackchristen,false
PMC4628493,jasleen29,false
PMC5405846,yashkar,true
PMC4064952,henryrossiter,true
PMC5032163,anneclarisse,false
PMC4286920,jasleen29,true
PMC4520336,henryrossiter,false
PMC5387984,evelynkue,true
PMC3609087,henryrossiter,true
PMC4707405,jasleen29,false
PMC4804676,anneclarisse,false
PMC4108947,jackchristen,true
PMC4289991,anneclarisse,true
PMC5063559,ankimnguyen,true
PMC3457735,mjsong1201,false
PMC3569118,mrcyndns,false
PMC5299485,tonyli0409,false
PMC4718369,carsonbrown19,true
PMC5293856,jcsick,true
PMC5293856,mjsong1201,true
PMC4784605,carsonbrown19,false
PMC4027805,evelynkue,false
PMC3193002,mrcyndns,false
PMC5434819,tonyli0409,true
PMC4340040,evelynkue,true
PMC3893710,evelynkue,true
PMC5092513,raghu-achukola,true
PMC3025493,jasleen29,false
PMC4956186,shruthikrish,false
PMC3275716,jasleen29,true
PMC3401454,jasleen29,true
PMC4212086,ankimnguyen,false
PMC4826955,oceanwall,false
PMC3710919,henryrossiter,false
PMC4371439,yashkar,true
PMC3013611,anneclarisse,true
PMC4832390,jasleen29,false
PMC3537160,jackchristen,true
PMC4589266,jackchristen,false
PMC5132076,jackchristen,false
PMC3782730,tonyli0409,false
PMC4041307,raghu-achukola,true
PMC2945177,jackchristen,true
PMC5178839,evelynkue,true
PMC5383462,meganpearson,false
PMC3172530,ppseguel,true
PMC4623366,jackchristen,false
PMC3013714,mjsong1201,false
PMC3848524,jasleen29,true
PMC2919713,ankimnguyen,false
PMC5374131,jasleen29,false
PMC3630328,jackchristen,false
PMC2768165,ppseguel,false
PMC5421183,jackchristen,true
PMC3644108,jackchristen,false
PMC3309885,sehreenali,true
PMC4513216,henryrossiter,false
PMC3297030,evelynkue,true
PMC4455856,tonyli0409,false
PMC3913674,jackchristen,false
PMC5238457,anneclarisse,true
PMC5444391,anneclarisse,true
PMC5226190,jackchristen,true
PMC4152993,jackchristen,false
PMC5056957,oceanwall,false
PMC4951474,henryrossiter,false
PMC5370249,oceanwall,false
PMC5221852,anneclarisse,true
PMC4447034,evelynkue,true
PMC4450657,ankimnguyen,false
PMC3987317,oceanwall,true
PMC5038180,ankimnguyen,true
PMC5318538,jackchristen,false
PMC5304233,jlcohoon,false
PMC4561054,oceanwall,false
PMC4310406,sahilshahh,false
PMC3766914,ankimnguyen,true
PMC2956241,ankimnguyen,false
PMC4863535,oceanwall,true
PMC3819448,mjsong1201,false
PMC5102042,yashkar,true
PMC3467446,courtneybroderick,false
PMC4898791,realrichardparker,false
PMC3164415,carsonbrown19,true
PMC5298406,jackchristen,true
PMC3223056,ppseguel,false
PMC4744260,mjsong1201,true
PMC3044565,brentbiglin,true
PMC5064647,mjsong1201,false
PMC5144905,mjsong1201,false
PMC5240490,jackchristen,true
PMC3082924,jaskiratsingh23,true
PMC5109789,yashkar,true
PMC2627193,mjsong1201,true
PMC4012374,henryrossiter,true
PMC3738364,evelynkue,true
PMC5400129,evelynkue,true
PMC4800296,mrcyndns,false
PMC4686099,ankimnguyen,false
PMC4785010,henryrossiter,false
PMC5412482,brentbiglin,true
PMC4860852,henryrossiter,false
PMC4939487,tonyli0409,false
PMC2447781,ctjoe,false
PMC4919585,mjsong1201,false
PMC4182969,evelynkue,true
PMC4932304,yashkar,true
PMC5107630,carsonbrown19,true
PMC3834693,jackchristen,false
PMC3734831,oceanwall,false
PMC5256325,ppseguel,false
PMC3865466,jcsick,true
PMC4280887,oceanwall,false
PMC3024503,henryrossiter,true
PMC3585443,ankimnguyen,true
PMC4793000,henryrossiter,false
PMC4758284,evelynkue,false
PMC3164564,jackchristen,false
PMC5385115,mjsong1201,false
PMC4876680,henryrossiter,true
PMC3099599,realrichardparker,true
PMC4185156,henryrossiter,true
PMC5338180,w1001766,true
PMC2532740,ppseguel,false
PMC5015293,oceanwall,false
PMC4292688,sahilshahh,false
PMC5293859,shruthikrish,false
PMC5457832,raghu-achukola,true
PMC4366701,mjsong1201,false
PMC3035800,shruthikrish,false
PMC5061105,mrcyndns,false
PMC4631805,jackchristen,false
PMC3768664,mjsong1201,false
PMC4683424,shruthikrish,false
PMC3863651,realrichardparker,false
PMC4843871,evelynkue,true
PMC3781445,anneclarisse,true
PMC3488743,ankimnguyen,false
PMC5111481,ppseguel,false
PMC3181878,anneclarisse,true
PMC5055031,carsonbrown19,true
PMC5084642,henryrossiter,false
PMC4147369,jackchristen,false
PMC4539087,meganpearson,true
PMC5353290,evelynkue,true
PMC3992336,mrcyndns,true
PMC4779347,henryrossiter,true
PMC3595621,mjsong1201,false
PMC5322213,tonyli0409,true
PMC4888764,mjsong1201,false
PMC5423556,anneclarisse,true
PMC3201215,henryrossiter,true
PMC2890364,jackchristen,false
PMC4900962,jackchristen,true
PMC5073050,henryrossiter,false
PMC5440634,yashkar,false
PMC5372024,raghu-achukola,false
PMC2686461,evelynkue,false
PMC4178280,carsonbrown19,true
PMC5227663,jackchristen,true
PMC5114716,henryrossiter,true
PMC3768479,evelynkue,false
PMC4431423,brentbiglin,false
PMC5330818,jasleen29,true
PMC3894438,mrcyndns,false
PMC4608057,henryrossiter,true
PMC4672851,sahilshahh,false
PMC4650967,jasleen29,true
PMC3664807,jackchristen,false
PMC4377530,shruthikrish,false
PMC4240489,jasleen29,false
PMC3475340,courtneybroderick,true
PMC3805657,shruthikrish,true
PMC5327171,henryrossiter,false
PMC3481138,raghu-achukola,false
PMC4050386,evelynkue,false
PMC4959023,mrcyndns,false
PMC2846736,henryrossiter,false
PMC1616949,jackchristen,true
PMC2638544,meganpearson,false
PMC3088754,raghu-achukola,true
PMC3857505,anneclarisse,true
PMC5098131,yashkar,false
PMC3116106,evelynkue,true
PMC3587895,jasleen29,false
PMC3638180,raghu-achukola,false
PMC5132076,mjsong1201,false
PMC5216896,ppseguel,true
PMC1904288,jackchristen,true
PMC4834041,evelynkue,true
PMC3384810,henryrossiter,true
PMC2975003,oceanwall,true
PMC4107219,jackchristen,true
PMC5092453,oceanwall,true
PMC2943325,jasleen29,false
PMC5096434,evelynkue,false
PMC4434997,tonyli0409,true
PMC3808763,jackchristen,true
PMC4701115,brentbiglin,true
PMC3364128,evelynkue,true
PMC5478307,shruthikrish,false
PMC4589432,anneclarisse,true
PMC4626665,evelynkue,false
PMC5367605,brentbiglin,false
PMC3302911,ctjoe,false
PMC3549877,mjsong1201,false
PMC5011596,shruthikrish,false
PMC4958647,ankimnguyen,false
PMC4494636,meganpearson,false
PMC3518495,courtneybroderick,false
PMC3331006,oceanwall,true
PMC3093010,anneclarisse,false
PMC5018359,henryrossiter,false
PMC3693047,shruthikrish,true
PMC3384331,oceanwall,false
PMC5401835,sehreenali,true
PMC3936211,anneclarisse,false
PMC5098543,ankimnguyen,false
PMC3245093,jackchristen,false
PMC4602766,ankimnguyen,true
PMC5019152,oceanwall,false
PMC4941179,jasleen29,true
PMC3012219,ankimnguyen,true
PMC2958345,shruthikrish,false
PMC2808567,evelynkue,true
PMC3234630,meganpearson,false
PMC4569313,carsonbrown19,true
PMC3372960,evelynkue,true
PMC4724760,jackchristen,false
PMC3858142,oceanwall,true
PMC4592933,oceanwall,true
PMC4286908,jcsick,true
PMC4286670,tonyli0409,true
PMC5332056,realrichardparker,true
PMC5191619,jackchristen,false
PMC3438277,jasleen29,true
PMC3749458,oceanwall,false
PMC4190887,anneclarisse,true
PMC4717961,mjsong1201,false
PMC4664766,tonyli0409,true
PMC4760657,anneclarisse,true
PMC2980978,jackchristen,true
PMC3526355,tonyli0409,false
PMC4822088,jackchristen,true
PMC3046835,ankimnguyen,true
PMC4244678,jasleen29,true
PMC4025139,tonyli0409,true
PMC4722096,shruthikrish,true
PMC3385094,jaskiratsingh23,true
PMC3020393,brentbiglin,false
PMC4350044,evelynkue,true
PMC5324669,tonyli0409,false
PMC5027708,shruthikrish,true
PMC3430911,evelynkue,false
PMC5300861,mjsong1201,false
PMC2518487,carsonbrown19,false
PMC3355510,realrichardparker,true
PMC5392025,oceanwall,true
PMC4166139,anneclarisse,false
PMC5078595,vsanchana,false
PMC4401356,yashkar,false
PMC3611102,ankimnguyen,false
PMC5070697,mjsong1201,true
PMC5414721,jackchristen,true
PMC3390422,anneclarisse,true
PMC5321362,oceanwall,true
PMC3714474,ankimnguyen,true
PMC3389425,brentbiglin,false
PMC4272508,mjsong1201,false
PMC5449106,jasleen29,true
PMC3406801,jackchristen,true
PMC3380255,jackchristen,true
PMC4667658,oceanwall,true
PMC4926004,tonyli0409,false
PMC4714720,jackchristen,true
PMC3398088,anneclarisse,true
PMC4949351,jaskiratsingh23,true
PMC3268153,realrichardparker,false
PMC5235341,henryrossiter,false
PMC1904263,realrichardparker,true
PMC5419080,jackchristen,false
PMC3216544,realrichardparker,true
PMC2748470,jaskiratsingh23,true
PMC5405199,tonyli0409,true
PMC4327700,realrichardparker,true
PMC2724645,evelynkue,false
PMC4755242,mprabhudesai,true
PMC3207207,anneclarisse,true
PMC4554393,rajat-ahuja1997,false
PMC3063929,anneclarisse,true
PMC4198896,realrichardparker,true
PMC2921509,oceanwall,false
PMC4597539,brentbiglin,true
PMC5404093,jackchristen,true
PMC3627563,henryrossiter,false
PMC5140851,mjsong1201,true
PMC4080211,raghu-achukola,true
PMC4718263,raghu-achukola,true
PMC3743204,carsonbrown19,false
PMC4905237,anneclarisse,true
PMC4959023,mjsong1201,false
PMC4392365,jasleen29,true
PMC4898009,oceanwall,true
PMC5447898,mprabhudesai,true
PMC4386073,jackchristen,true
PMC3598424,jackchristen,false
PMC4832950,shruthikrish,false
PMC3944114,jasleen29,false
PMC4278522,carsonbrown19,true
PMC5448692,ppseguel,true
PMC4183043,jasleen29,false
PMC4566896,mjsong1201,true
PMC4802553,tonyli0409,true
PMC4163596,shruthikrish,true
PMC4762441,jackchristen,true
PMC4822213,jackchristen,false
PMC2887951,tonyli0409,false
PMC3104447,jcsick,true
PMC2823389,jackchristen,false
PMC3386209,ambermomin,false
PMC4258652,henryrossiter,true
PMC2853139,jackchristen,false
PMC1540729,jcsick,false
PMC2831195,jackchristen,false
PMC4679799,jackchristen,false
PMC4182354,brentbiglin,false
PMC5417743,jackchristen,true
PMC3258687,tonyli0409,true
PMC3804802,jackchristen,true
PMC3259236,jaskiratsingh23,false
PMC2529246,brentbiglin,false
PMC5005113,sehreenali,false
PMC3789839,evelynkue,false
PMC4582559,jasleen29,true
PMC3015772,oceanwall,true
PMC5073050,oceanwall,false
PMC4040663,sahilshahh,false
PMC4101108,yashkar,true
PMC3336542,carsonbrown19,true
PMC3467590,vsanchana,false
PMC2646063,mjsong1201,false
PMC3271678,jasleen29,true
PMC4103605,mjsong1201,false
PMC5283079,carsonbrown19,false
PMC4949173,anneclarisse,true
PMC3810665,oceanwall,true
PMC4719240,henryrossiter,false
PMC4074181,ankimnguyen,true
PMC4257079,jaskiratsingh23,false
PMC2731890,evelynkue,false
PMC4135079,jasleen29,false
PMC4086007,jasleen29,true
PMC4390742,jackchristen,true
PMC5293311,jackchristen,false
PMC4075858,shruthikrish,true
PMC3040438,oceanwall,false
PMC3865143,oceanwall,false
PMC2923339,jaskiratsingh23,true
PMC3315811,jasleen29,true
PMC2475704,anneclarisse,false
PMC4947724,anneclarisse,false
PMC3449286,evelynkue,false
PMC3278723,sonakshigarg23,false
PMC3088464,evelynkue,false
PMC3204054,jackchristen,true
PMC4013930,jasleen29,false
PMC4274470,raghu-achukola,false
PMC2708934,ankimnguyen,false
PMC4354499,realrichardparker,false
PMC4714089,oceanwall,true
PMC4750770,oceanwall,false
PMC3505860,raghu-achukola,false
PMC4345972,jasleen29,false
PMC4763990,oceanwall,false
PMC5089945,brentbiglin,false
PMC3114360,jackchristen,true
PMC3773590,raghu-achukola,false
PMC4360353,henryrossiter,true
PMC4927850,shruthikrish,true
PMC5058896,henryrossiter,true
PMC3863971,oceanwall,false
PMC3805007,ankimnguyen,false
PMC4461016,jackchristen,true
PMC4973335,sehreenali,true
PMC3085624,mjsong1201,false
PMC1636350,mjsong1201,false
PMC4259556,jackchristen,false
PMC4027673,jackchristen,true
PMC4512373,mjsong1201,true
PMC4916592,vsanchana,false
PMC5147266,henryrossiter,true
PMC5062751,henryrossiter,false
PMC5449105,jasleen29,true
PMC3123123,tonyli0409,false
PMC3973247,jackchristen,false
PMC3566810,carsonbrown19,false
PMC5015293,mjsong1201,false
PMC5220168,jcsick,false
PMC1933234,jasleen29,false
PMC3336542,ctjoe,true
PMC4234239,mjsong1201,false
PMC4280397,evelynkue,false
PMC4147629,jcsick,true
PMC4720847,henryrossiter,false
PMC4375646,yashkar,false
PMC3905510,jasleen29,true
PMC5111732,mjsong1201,true
PMC4427071,tonyli0409,true
PMC4003544,ankimnguyen,false
PMC3311235,mjsong1201,true
PMC1874646,courtneybroderick,false
PMC3579337,ankimnguyen,true
PMC3114242,realrichardparker,true
PMC3322527,courtneybroderick,false
PMC3607915,realrichardparker,true
PMC4122291,jcsick,false
PMC4804670,henryrossiter,true
PMC2627193,jcsick,true
PMC3113153,oceanwall,true
PMC4404937,jackchristen,true
PMC4591152,anneclarisse,true
PMC4040663,carsonbrown19,false
PMC3479700,jcsick,true
PMC3079192,tonyli0409,true
PMC4421312,mjsong1201,true
PMC4789845,jackchristen,false
PMC4644012,mjsong1201,false
PMC3343305,oceanwall,true
PMC4568868,ankimnguyen,false
PMC3796683,jasleen29,true
PMC5079933,mjsong1201,true
PMC5339831,shruthikrish,false
PMC4345638,brentbiglin,true
PMC4634381,sehreenali,false
PMC4013958,oceanwall,false
PMC2553567,tonyli0409,false
PMC3927206,meganpearson,false
PMC3782726,raghu-achukola,true
PMC5389568,sahilshahh,false
PMC2808580,jackchristen,false
PMC3195268,mjsong1201,true
PMC4713914,anneclarisse,true
PMC4153526,carsonbrown19,false
PMC2768214,shruthikrish,true
PMC4054524,jasleen29,false
PMC1636350,anneclarisse,false
PMC4908911,jackchristen,false
PMC5368881,jasleen29,true
PMC4800123,meganpearson,true
PMC2551674,oceanwall,false
PMC2872937,oceanwall,true
PMC1849898,oceanwall,true
PMC4677704,jackchristen,true
PMC4091108,jasleen29,false
PMC4345719,anneclarisse,false
PMC4835540,anneclarisse,true
PMC5271394,jasleen29,false
PMC4012669,tonyli0409,true
PMC5442078,evelynkue,true
PMC3613708,jcsick,true
PMC4225645,yashkar,false
PMC4225645,oceanwall,false
PMC4063356,brentbiglin,false
PMC4184560,oceanwall,false
PMC2686636,yashkar,true
PMC4022605,jackchristen,true
PMC5172472,anneclarisse,true
PMC4898854,jackchristen,false
PMC4475471,ctjoe,false
PMC4068285,jackchristen,false
PMC5268330,mjsong1201,true
PMC4419364,jackchristen,true
PMC4524268,jcsick,true
PMC4150658,carsonbrown19,true
PMC4801097,anneclarisse,false
PMC5328613,mjsong1201,false
PMC4554783,henryrossiter,true
PMC3103400,ankimnguyen,true
PMC4410849,ankimnguyen,false
PMC5406603,meganpearson,false
PMC4380950,mjsong1201,true
PMC3542307,jackchristen,true
PMC4589431,jcsick,true
PMC2241875,evelynkue,false
PMC4743607,anneclarisse,false
PMC3225968,ankimnguyen,false
PMC4926940,shruthikrish,false
PMC4906660,henryrossiter,true
PMC3691566,jasleen29,false
PMC5102861,oceanwall,true
PMC4956186,mjsong1201,false
PMC3431893,jackchristen,true
PMC2577804,jaskiratsingh23,true
PMC4781901,evelynkue,false
PMC3331235,jackchristen,true
PMC5384723,henryrossiter,false
PMC3905558,mjsong1201,false
PMC4183238,henryrossiter,false
PMC3640157,carsonbrown19,true
PMC5045956,mjsong1201,false
PMC4551318,jcsick,false
PMC3204076,ppseguel,true
PMC4926320,mjsong1201,true
PMC5300027,sahilshahh,false
PMC3203616,realrichardparker,false
PMC4816035,ppseguel,false
PMC4214777,henryrossiter,true
PMC5419106,jackchristen,false
PMC4182997,jasleen29,false
PMC5036010,jackchristen,false
PMC5338961,jackchristen,false
PMC3417369,jasleen29,true
PMC4531573,jasleen29,true
PMC5364191,henryrossiter,true
PMC5467718,tonyli0409,true
PMC4728087,henryrossiter,false
PMC4138420,henryrossiter,false
PMC5061105,shruthikrish,false
PMC3986336,mjsong1201,true
PMC4086006,jaskiratsingh23,true
PMC2809260,courtneybroderick,true
PMC3584901,jackchristen,true
PMC5435998,jaskiratsingh23,true
PMC4381901,evelynkue,true
PMC5031952,jackchristen,false
PMC5078256,shruthikrish,true
PMC2967174,mrcyndns,true
PMC3874147,evelynkue,true
PMC4221315,carsonbrown19,false
PMC3994298,ankimnguyen,false
PMC4621286,tonyli0409,false
PMC4502401,henryrossiter,true
PMC4936814,jackchristen,true
PMC4597539,ctjoe,true
PMC3013677,mjsong1201,false
PMC5083498,oceanwall,true
PMC4710801,carsonbrown19,true
PMC3355884,jackchristen,true
PMC3172029,jackchristen,true
PMC2687742,brentbiglin,true
PMC4152993,caifand,false
PMC4582499,jackchristen,false
PMC3197029,ankimnguyen,false
PMC5321344,evelynkue,false
PMC5081497,ambermomin,true
PMC3727320,courtneybroderick,false
PMC4133065,ankimnguyen,false
PMC5318519,henryrossiter,true
PMC5458115,yashkar,false
PMC2652060,henryrossiter,true
PMC4857323,anneclarisse,true
PMC4310345,carsonbrown19,true
PMC3252618,jackchristen,false
PMC3891859,henryrossiter,false
PMC5109884,henryrossiter,true
PMC4189225,jackchristen,false
PMC4994731,mjsong1201,true
PMC4830395,jasleen29,true
PMC4327489,sahilshahh,false
PMC2811487,evelynkue,true
PMC4934460,jaskiratsingh23,false
PMC3891663,yashkar,true
PMC4210749,jackchristen,true
PMC2741607,evelynkue,false
PMC4970531,oceanwall,false
PMC4792616,mjsong1201,true
PMC4590314,henryrossiter,true
PMC3277442,mjsong1201,true
PMC4435018,jasleen29,false
PMC4097343,brentbiglin,false
PMC5373906,evelynkue,false
PMC4017400,ankimnguyen,true
PMC4815944,jasleen29,false
PMC3212591,vsanchana,false
PMC2950835,sonakshigarg23,false
PMC3955792,jackchristen,true
PMC2875448,jackchristen,true
PMC3181878,henryrossiter,false
PMC2716555,jasleen29,true
PMC4010924,jackchristen,false
PMC3273808,henryrossiter,false
PMC4380914,henryrossiter,true
PMC4743723,jaskiratsingh23,true
PMC2570388,jasleen29,false
PMC4012674,henryrossiter,true
PMC4947609,oceanwall,false
PMC4304534,evelynkue,false
PMC3998155,jackchristen,false
PMC3776217,ppseguel,false
PMC5114361,jasleen29,true
PMC2034468,brentbiglin,false
PMC3522449,jasleen29,false
PMC4821217,anneclarisse,true
PMC5293436,tonyli0409,false
PMC4785322,henryrossiter,false
PMC3351152,mjsong1201,false
PMC3575981,evelynkue,false
PMC2518487,vsanchana,false
PMC4918392,mjsong1201,true
PMC4660459,brentbiglin,true
PMC3797259,henryrossiter,false
PMC4261519,henryrossiter,false
PMC3717584,jackchristen,false
PMC3906304,carsonbrown19,true
PMC4112233,oceanwall,false
PMC3284689,jasleen29,true
PMC4660459,mjsong1201,true
PMC3283851,mjsong1201,false
PMC4566509,ankimnguyen,false
PMC4870544,jcsick,false
PMC3995267,evelynkue,true
PMC3698303,jcsick,false
PMC5355568,ankimnguyen,true
PMC2782173,evelynkue,true
PMC3646185,mjsong1201,false
PMC4216975,jackchristen,true
PMC4871932,ctjoe,false
PMC5013111,jackchristen,false
PMC3246293,jaskiratsingh23,false
PMC5384723,jackchristen,false
PMC3366639,meganpearson,false
PMC4453602,carsonbrown19,true
PMC4851261,ankimnguyen,false
PMC3289777,ankimnguyen,false
PMC5042035,shruthikrish,false
PMC3308610,shruthikrish,true
PMC4645906,tonyli0409,true
PMC3582659,anneclarisse,true
PMC4538243,evelynkue,true
PMC3958639,ankimnguyen,true
PMC2978289,mjsong1201,true
PMC4716173,brentbiglin,false
PMC3198286,raghu-achukola,false
PMC3611748,meganpearson,false
PMC3769723,mjsong1201,false
PMC5109890,brentbiglin,false
PMC4015203,jaskiratsingh23,false
PMC3691378,ppseguel,false
PMC2958506,tonyli0409,false
PMC4504996,jackchristen,false
PMC4981196,jackchristen,true
PMC4616920,evelynkue,false
PMC3385584,shruthikrish,false
PMC2736484,jasleen29,true
PMC5019442,henryrossiter,true
PMC3521687,jasleen29,false
PMC3558289,jasleen29,true
PMC4345725,mrcyndns,false
PMC5339929,mjsong1201,false
PMC3854406,evelynkue,true
PMC3870176,jcsick,true
PMC3812286,evelynkue,true
PMC5345418,brentbiglin,true
PMC3281244,oceanwall,false
PMC3142024,jcsick,true
PMC2816335,ppseguel,false
PMC4387465,jackchristen,true
PMC4674517,jackchristen,false
PMC3934154,jasleen29,true
PMC4000167,oceanwall,true
PMC5042035,jcsick,false
PMC4219874,carsonbrown19,false
PMC3173807,mprabhudesai,false
PMC2994120,jackchristen,true
PMC5055588,jackchristen,true
PMC3727320,carsonbrown19,false
PMC3429821,evelynkue,false
PMC4602909,anneclarisse,false
PMC4714720,anneclarisse,true
PMC3749580,ankimnguyen,false
PMC4649725,mjsong1201,false
PMC4957721,mjsong1201,true
PMC3104442,mjsong1201,false
PMC4534731,henryrossiter,true
PMC4588797,ppseguel,false
PMC3817086,jcsick,false
PMC4105802,tonyli0409,false
PMC4970531,anneclarisse,true
PMC4586740,tonyli0409,false
PMC3156814,jackchristen,true
PMC5078595,ankimnguyen,false
PMC3015515,shruthikrish,true
PMC3569919,ankimnguyen,false
PMC5265992,brentbiglin,true
PMC5108428,ankimnguyen,false
PMC4531628,henryrossiter,false
PMC5283776,evelynkue,true
PMC4265209,mjsong1201,false
PMC4453596,carsonbrown19,false
PMC5193284,ankimnguyen,true
PMC3890939,shruthikrish,false
PMC4360915,vsanchana,false
PMC5314818,evelynkue,false
PMC3965081,oceanwall,false
PMC2637341,ppseguel,true
PMC4756880,mjsong1201,true
PMC3834716,carsonbrown19,false
PMC4409168,vsanchana,false
PMC4568189,oceanwall,false
PMC2689521,henryrossiter,true
PMC4414101,mjsong1201,true
PMC4499650,jackchristen,false
PMC3386348,jcsick,true
PMC4295086,jackchristen,false
PMC3243086,carsonbrown19,true
PMC5034971,anneclarisse,true
PMC3202792,mjsong1201,false
PMC1635254,realrichardparker,false
PMC5147363,jackchristen,true
PMC5422337,monicacho92,false
PMC3015960,henryrossiter,true
PMC4250666,jackchristen,false
PMC5318517,raghu-achukola,true
PMC3464766,ankimnguyen,false
PMC4295040,shruthikrish,true
PMC3792197,oceanwall,true
PMC5124354,oceanwall,true
PMC3276790,henryrossiter,true
PMC4012704,ankimnguyen,false
PMC2836542,ctjoe,false
PMC4843533,oceanwall,false
PMC3983507,oceanwall,false
PMC3529531,shruthikrish,false
PMC4987497,mjsong1201,true
PMC4930282,mrcyndns,false
PMC5016904,shruthikrish,false
PMC4616740,jcsick,false
PMC4878562,mjsong1201,false
PMC5215798,realrichardparker,true
PMC4387613,henryrossiter,false
PMC5279962,evelynkue,false
PMC4816756,oceanwall,false
PMC4853138,carsonbrown19,false
PMC4845400,evelynkue,true
PMC3719306,meganpearson,true
PMC3710983,tonyli0409,false
PMC5253410,henryrossiter,true
PMC4957721,carsonbrown19,true
PMC5440121,ankimnguyen,false
PMC4540847,evelynkue,false
PMC3142024,mjsong1201,true
PMC4946721,meganpearson,true
PMC5149064,sehreenali,false
PMC5181807,jackchristen,false
PMC5077509,raghu-achukola,true
PMC4589655,henryrossiter,false
PMC5214516,yashkar,false
PMC4555593,ctjoe,false
PMC5080194,raghu-achukola,false
PMC3426798,jackchristen,false
PMC5360659,mjsong1201,true
PMC2698157,jackchristen,false
PMC4540881,mjsong1201,false
PMC5033529,jackchristen,true
PMC3330856,courtneybroderick,true
PMC3378868,oceanwall,false
PMC3854406,jackchristen,true
PMC4046237,henryrossiter,true
PMC3881477,henryrossiter,false
PMC4797302,jackchristen,false
PMC5419227,yashkar,false
PMC5221458,mrcyndns,true
PMC4779866,evelynkue,false
PMC3049466,mjsong1201,false
PMC3580823,oceanwall,false
PMC5132146,meganpearson,false
PMC2596709,realrichardparker,true
PMC4791326,oceanwall,false
PMC5215392,oceanwall,true
PMC4295086,evelynkue,false
PMC3088754,mjsong1201,true
PMC2895706,ppseguel,false
PMC3932086,ankimnguyen,false
PMC4412331,vsanchana,true
PMC5340547,jasleen29,true
PMC4733777,evelynkue,false
PMC2628045,anneclarisse,false
PMC5417780,brentbiglin,true
PMC4102165,realrichardparker,false
PMC4638059,jasleen29,true
PMC4062531,ankimnguyen,true
PMC3768955,ctjoe,false
PMC4765498,oceanwall,true
PMC5181827,anneclarisse,true
PMC4015203,jackchristen,false
PMC4819553,anneclarisse,false
PMC4164721,oceanwall,false
PMC5436475,carsonbrown19,false
PMC4368859,mjsong1201,false
PMC5209553,realrichardparker,true
PMC4718263,mjsong1201,true
PMC4313447,henryrossiter,false
PMC3936977,ctjoe,true
PMC3243086,oceanwall,true
PMC3198078,sonakshigarg23,false
PMC2742187,oceanwall,false
PMC2992565,ankimnguyen,true
PMC3695729,oceanwall,false
PMC4468934,ankimnguyen,false
PMC3731646,jackchristen,false
PMC4926940,mjsong1201,false
PMC2684713,carsonbrown19,true
PMC3001089,mjsong1201,false
PMC4750115,evelynkue,true
PMC4444504,carsonbrown19,false
PMC1540729,carsonbrown19,false
PMC5079926,anneclarisse,true
PMC4915958,evelynkue,true
PMC4388951,oceanwall,false
PMC5216147,jackchristen,true
PMC2716555,henryrossiter,true
PMC3613708,shruthikrish,true
PMC2975003,ppseguel,true
PMC5406524,evelynkue,false
PMC3687651,ankimnguyen,true
PMC4579189,brentbiglin,true
PMC3789431,anneclarisse,true
PMC4932580,carsonbrown19,false
PMC4907160,oceanwall,true
PMC3755257,ankimnguyen,true
PMC4062317,mjsong1201,false
PMC4845446,ankimnguyen,true
PMC5080640,yashkar,true
PMC2999698,henryrossiter,false
PMC4602874,oceanwall,false
PMC3336595,ankimnguyen,true
PMC4133215,mjsong1201,true
PMC4818058,ankimnguyen,false
PMC4830365,jackchristen,true
PMC5392660,ankimnguyen,true
PMC3984304,shruthikrish,true
PMC1474058,evelynkue,true
PMC5426891,ankimnguyen,true
PMC3448160,carsonbrown19,false
PMC4790490,anneclarisse,true
PMC2936008,jackchristen,false
PMC4680075,ppseguel,false
PMC5379215,jackchristen,true
PMC5238813,raghu-achukola,false
PMC4630049,oceanwall,false
PMC4453642,shruthikrish,false
PMC5400486,henryrossiter,true
PMC3879235,raghu-achukola,true
PMC4687766,jackchristen,false
PMC5297986,ankimnguyen,true
PMC5083520,oceanwall,true
PMC4213703,mjsong1201,false
PMC4492754,ankimnguyen,false
PMC4280825,ankimnguyen,false
PMC2887304,ankimnguyen,true
PMC4069613,henryrossiter,false
PMC4433477,evelynkue,true
PMC3952605,raghu-achukola,true
PMC4085351,henryrossiter,true
PMC5027708,brentbiglin,true
PMC5419106,evelynkue,false
PMC3939369,jackchristen,false
PMC5018703,oceanwall,false
PMC3994517,jackchristen,true
PMC3376981,jasleen29,true
PMC5066378,sehreenali,false
PMC4425235,oceanwall,false
PMC3373206,ankimnguyen,true
PMC3490414,jackchristen,false
PMC5098051,henryrossiter,false
PMC4280887,sahilshahh,false
PMC3336349,jasleen29,true
PMC4295041,jackchristen,true
PMC4130509,anneclarisse,true
PMC3304637,henryrossiter,true
PMC3958542,anneclarisse,true
PMC4775480,jackchristen,false
PMC3179381,henryrossiter,false
PMC5103916,realrichardparker,false
PMC4206560,ankimnguyen,true
PMC4792857,anneclarisse,false
PMC4583605,evelynkue,false
PMC3032512,courtneybroderick,false
PMC5120888,tonyli0409,true
PMC4470347,henryrossiter,false
PMC4595364,raghu-achukola,true
PMC5390806,brentbiglin,true
PMC3741593,jasleen29,true
PMC5291331,meganpearson,false
PMC5045054,mjsong1201,true
PMC5066091,ankimnguyen,https://www.ncbi.nlm.nih.gov/pmc/articles/PMC5066091_AN01
PMC2768238,brentbiglin,false
PMC3031013,jackchristen,false
PMC3071219,henryrossiter,false
PMC5291565,jasleen29,true
PMC3021741,oceanwall,false
PMC3769716,yashkar,true
PMC2935446,ankimnguyen,false
PMC4214979,jackchristen,true
PMC3177208,carsonbrown19,false
PMC4651396,raghu-achukola,false
PMC5302073,henryrossiter,true
PMC3198286,mrcyndns,false
PMC5111494,jackchristen,false
PMC3241662,oceanwall,false
PMC4846046,anneclarisse,false
PMC4157998,jackchristen,true
PMC2447753,realrichardparker,false
PMC3258555,evelynkue,true
PMC4900401,courtneybroderick,true
PMC3638180,LuculentDig,true
PMC5450529,henryrossiter,true
PMC3935165,realrichardparker,true
PMC5477861,ankimnguyen,true
PMC3835222,henryrossiter,false
PMC5066667,mrcyndns,true
PMC5118828,mrcyndns,true
PMC3667679,henryrossiter,true
PMC5210402,oceanwall,true
PMC2799978,jackchristen,true
PMC4182815,realrichardparker,false
PMC3654430,jackchristen,false
PMC4798811,vsanchana,true
PMC5266348,mjsong1201,true
PMC5099213,mjsong1201,false
PMC3884544,mjsong1201,true
PMC5105400,jackchristen,true
PMC3406768,realrichardparker,false
PMC4449848,evelynkue,false
PMC4496436,anneclarisse,false
PMC4595364,mjsong1201,true
PMC4436784,evelynkue,false
PMC3598124,jackchristen,false
PMC3982819,anneclarisse,false
PMC5014759,henryrossiter,true
PMC3792197,mjsong1201,true
PMC4976915,courtneybroderick,false
PMC5308478,oceanwall,true
PMC4750136,meganpearson,false
PMC4812504,jaskiratsingh23,false
PMC3673637,jackchristen,true
PMC3619080,ankimnguyen,true
PMC4293885,henryrossiter,true
PMC3808861,evelynkue,true
PMC4974442,jasleen29,true
PMC2908881,tonyli0409,true
PMC3361002,evelynkue,false
PMC3225221,oceanwall,true
PMC3999574,oceanwall,true
PMC5329793,henryrossiter,false
PMC4433308,jackchristen,true
PMC5056957,jackchristen,false
PMC5287318,brentbiglin,true
PMC5112610,henryrossiter,false
PMC5088916,jackchristen,false
PMC3030800,sehreenali,true
PMC4300884,jackchristen,true
PMC5129524,jackchristen,false
PMC2852811,jcsick,true
PMC2755303,courtneybroderick,true
PMC5473596,tonyli0409,true
PMC3284748,anneclarisse,true
PMC5091269,anneclarisse,true
PMC3590572,henryrossiter,false
PMC2386104,oceanwall,false
PMC3091210,henryrossiter,false
PMC2804221,anneclarisse,false
PMC3010063,oceanwall,true
PMC2367720,yashkar,true
PMC4683424,mjsong1201,false
PMC4849203,henryrossiter,false
PMC4445868,jasleen29,true
PMC4283880,jackchristen,false
PMC4276901,jackchristen,true
PMC5092391,jackchristen,true
PMC3380417,oceanwall,false
PMC4590259,tonyli0409,false
PMC3593214,carsonbrown19,false
PMC3597687,anneclarisse,false
PMC4820668,jcsick,false
PMC3371863,jackchristen,false
PMC3086621,ambermomin,true
PMC5143777,jlcohoon,false
PMC3013310,jaskiratsingh23,false
PMC5338961,anneclarisse,false
PMC4987885,evelynkue,false
PMC5015294,jaskiratsingh23,false
PMC5155187,jackchristen,true
PMC3822109,tonyli0409,false
PMC3202757,mjsong1201,false
PMC5054170,ankimnguyen,true
PMC3384081,brentbiglin,true
PMC5435914,tonyli0409,false
PMC3282807,evelynkue,false
PMC4750607,courtneybroderick,true
PMC5091269,evelynkue,true
PMC4720104,tonyli0409,false
PMC4940481,tonyli0409,false
PMC5302030,meganpearson,false
PMC4922208,jackchristen,false
PMC4057327,mrcyndns,false
PMC5061305,evelynkue,true
PMC3826769,shruthikrish,true
PMC3493810,jasleen29,true
PMC3810665,jcsick,true
PMC4809187,neildabholkar,false
PMC4157927,ambermomin,false
PMC3866316,evelynkue,true
PMC4722156,brentbiglin,true
PMC3866064,sehreenali,true
PMC4388098,tonyli0409,false
PMC3935074,henryrossiter,true
PMC3256564,ankimnguyen,true
PMC2771839,jasleen29,true
PMC5092936,anneclarisse,true
PMC3084562,mjsong1201,true
PMC2518490,mjsong1201,false
PMC2742187,jackchristen,false
PMC3177242,mjsong1201,true
PMC4231936,jackchristen,false
PMC5223687,mprabhudesai,false
PMC4633460,yashkar,false
PMC3064789,yashkar,false
PMC3372815,courtneybroderick,true
PMC4283627,evelynkue,false
PMC5147391,jackchristen,true
PMC3575799,henryrossiter,false
PMC4720201,jackchristen,true
PMC2687629,oceanwall,false
PMC4236336,henryrossiter,false
PMC5298156,jackchristen,true
PMC2736531,yashkar,true
PMC4694603,shruthikrish,true
PMC3861378,oceanwall,true
PMC3371588,henryrossiter,false
PMC4163634,brentbiglin,false
PMC3321481,courtneybroderick,false
PMC3974567,henryrossiter,true
PMC5115206,mjsong1201,true
PMC4100845,brentbiglin,true
PMC4865644,jackchristen,true
PMC4566896,carsonbrown19,true
PMC3075173,ankimnguyen,true
PMC3374137,jackchristen,true
PMC4484363,mjsong1201,true
PMC3405507,anneclarisse,false
PMC5402898,ppseguel,true
PMC4404937,carsonbrown19,true
PMC3255244,henryrossiter,false
PMC3589687,jackchristen,false
PMC3567485,courtneybroderick,false
PMC3221323,henryrossiter,false
PMC4752095,oceanwall,false
PMC3600908,henryrossiter,false
PMC5098290,jasleen29,false
PMC4395660,mjsong1201,true
PMC3506820,ankimnguyen,true
PMC5098113,jcsick,false
PMC3064792,courtneybroderick,true
PMC3579875,mrcyndns,true
PMC3824591,ctjoe,true
PMC5459276,meganpearson,false
PMC3835643,jackchristen,true
PMC3741479,mjsong1201,false
PMC4826088,meganpearson,true
PMC4062317,sehreenali,false
PMC3643111,ankimnguyen,false
PMC3318936,carsonbrown19,false
PMC4616395,jackchristen,false
PMC3846813,jackchristen,true
PMC3049466,shruthikrish,false
PMC4935458,carsonbrown19,false
PMC3780496,realrichardparker,false
PMC2881388,courtneybroderick,false
PMC4616535,brentbiglin,false
PMC5113931,mrcyndns,false
PMC5054038,realrichardparker,false
PMC3619072,shruthikrish,false
PMC3195268,ctjoe,false
PMC5037241,henryrossiter,false
PMC3282947,henryrossiter,false
PMC4901572,shruthikrish,true
PMC4863535,meganpearson,false
PMC4938145,jaskiratsingh23,false
PMC5192244,ankimnguyen,true
PMC4853038,w1001766,false
PMC4674983,sonakshigarg23,true
PMC4038421,yashkar,false
PMC4442902,mprabhudesai,false
PMC2878032,ppseguel,true
PMC4913573,oceanwall,false
PMC5089965,jackchristen,true
PMC5010096,jackchristen,false
PMC4701115,jcsick,true
PMC3670134,carsonbrown19,true
PMC3374072,jaskiratsingh23,false
PMC3199877,oceanwall,false
PMC3956513,mjsong1201,true
PMC3890939,raghu-achukola,false
PMC5021228,jackchristen,true
PMC3134982,henryrossiter,false
PMC3408540,oceanwall,true
PMC4899081,evelynkue,false
PMC4965703,anneclarisse,false
PMC3179381,rajat-ahuja1997,false
PMC3249328,jasleen29,true
PMC3148775,carsonbrown19,true
PMC5064299,yashkar,true
PMC4998785,brentbiglin,false
PMC4538254,sehreenali,true
PMC3987317,jackchristen,true
PMC4327700,mjsong1201,true
PMC4848362,henryrossiter,false
PMC4080211,shruthikrish,true
PMC4839839,evelynkue,false
PMC3149990,anneclarisse,false
PMC4301232,jaskiratsingh23,false
PMC4027884,raghu-achukola,false
PMC3888616,jackchristen,true
PMC3296815,henryrossiter,true
PMC3627965,jackchristen,false
PMC5415459,anneclarisse,false
PMC4368909,courtneybroderick,false
PMC4255760,realrichardparker,false
PMC3632766,henryrossiter,false
PMC4837866,jasleen29,false
PMC4938286,anneclarisse,true
PMC3448398,jasleen29,false
PMC5210341,tonyli0409,false
PMC2782970,henryrossiter,false
PMC4368859,jackchristen,false
PMC2939357,ankimnguyen,true
PMC3500846,jackchristen,false
PMC4662707,oceanwall,false
PMC4017465,jackchristen,true
PMC5338970,jackchristen,false
PMC2927939,realrichardparker,false
PMC4819867,mjsong1201,false
PMC4479958,ankimnguyen,true
PMC5080640,oceanwall,true
PMC2626671,carsonbrown19,false
PMC3593214,jackchristen,false
PMC3945396,anneclarisse,true
PMC5036242,oceanwall,false
PMC4914536,henryrossiter,false
PMC4526602,evelynkue,true
PMC3948830,anneclarisse,true
PMC3309518,raghu-achukola,false
PMC4353272,jackchristen,true
PMC3935165,mjsong1201,true
PMC3663311,evelynkue,false
PMC4900387,mjsong1201,true
PMC2927682,caifand,false
PMC5400455,jasleen29,true
PMC4854981,ankimnguyen,true
PMC4216798,evelynkue,false
PMC4968357,jasleen29,true
PMC3030791,vsanchana,true
PMC4830185,mjsong1201,false
PMC3534176,henryrossiter,false
PMC5413303,meganpearson,false
PMC5154978,evelynkue,true
PMC4787107,jackchristen,true
PMC5479241,realrichardparker,true
PMC4103437,evelynkue,false
PMC3386500,jackchristen,false
PMC4437485,jcsick,false
PMC5318576,oceanwall,true
PMC4579483,henryrossiter,false
PMC4898839,anneclarisse,false
PMC5345981,evelynkue,false
PMC4789806,anneclarisse,true
PMC3351187,oceanwall,false
PMC4396889,brentbiglin,true
PMC4511747,jackchristen,true
PMC4935458,anneclarisse,false
PMC2627212,henryrossiter,true
PMC5308490,henryrossiter,false
PMC3361050,oceanwall,false
PMC4481026,jasleen29,true
PMC4036597,henryrossiter,true
PMC3390076,henryrossiter,false
PMC2879849,henryrossiter,true
PMC4251217,carsonbrown19,false
PMC1474058,jaskiratsingh23,true
PMC3932352,ankimnguyen,true
PMC3138425,tonyli0409,false
PMC4352917,henryrossiter,false
PMC4740966,mjsong1201,false
PMC4422970,carsonbrown19,false
PMC4336664,oceanwall,true
PMC5329788,carsonbrown19,false
PMC5287949,evelynkue,false
PMC3263915,jasleen29,false
PMC3875508,jackchristen,false
PMC3349032,yashkar,false
PMC4575381,henryrossiter,false
PMC3537159,jackchristen,false
PMC2729960,carsonbrown19,false
PMC5025267,jackchristen,true
PMC4602453,henryrossiter,true
PMC3547393,courtneybroderick,true
PMC5463483,jackchristen,true
PMC4592051,henryrossiter,false
PMC2995163,oceanwall,true
PMC4802395,anneclarisse,true
PMC3811794,oceanwall,true
PMC3335898,mrcyndns,false
PMC3027082,anneclarisse,false
PMC5138330,ppseguel,true
PMC4338086,mjsong1201,false
PMC4541654,meganpearson,false
PMC5121195,mjsong1201,true
PMC5409206,henryrossiter,false
PMC1538888,jackchristen,false
PMC3229071,ankimnguyen,true
PMC3944114,oceanwall,false
PMC2895211,jackchristen,true
PMC4031863,ankimnguyen,true
PMC3487307,ctjoe,false
PMC5293306,jackchristen,true
PMC3408515,oceanwall,false
PMC4895162,jackchristen,false
PMC2699844,ankimnguyen,true
PMC2991579,ankimnguyen,false
PMC2759333,henryrossiter,false
PMC5096036,henryrossiter,false
PMC4377530,brentbiglin,true
PMC4559775,evelynkue,false
PMC4875560,jackchristen,false
PMC5020575,mjsong1201,false
PMC3502204,anneclarisse,true
PMC3302168,jackchristen,false
PMC4303630,courtneybroderick,false
PMC3507208,anneclarisse,true
PMC5010335,realrichardparker,true
PMC4362380,anneclarisse,false
PMC5063056,courtneybroderick,false
PMC4723022,mjsong1201,false
PMC4075875,henryrossiter,true
PMC4898072,carsonbrown19,true
PMC3902349,carsonbrown19,false
PMC4668168,ambermomin,false
PMC4468621,anneclarisse,false
PMC4304516,anneclarisse,false
PMC3279886,henryrossiter,false
PMC3768679,henryrossiter,false
PMC3469014,mjsong1201,false
PMC2721921,ankimnguyen,true
PMC4083667,evelynkue,true
PMC4674487,jasleen29,true
PMC5198113,courtneybroderick,false
PMC5318517,shruthikrish,true
PMC4421706,henryrossiter,true
PMC4961277,henryrossiter,true
PMC5131455,henryrossiter,false
PMC4771121,brentbiglin,false
PMC4436784,mjsong1201,false
PMC5297961,henryrossiter,true
PMC3772259,mrcyndns,false
PMC3028337,jackchristen,true
PMC4566505,tonyli0409,true
PMC5465423,henryrossiter,true
PMC4923836,brentbiglin,false
PMC3177737,anneclarisse,true
PMC5352835,mrcyndns,true
PMC3566594,evelynkue,true
PMC3078083,mjsong1201,false
PMC5376127,evelynkue,false
PMC5089661,henryrossiter,false
PMC4736865,oceanwall,false
PMC4475471,carsonbrown19,false
PMC3037501,oceanwall,false
PMC3020393,ctjoe,false
PMC4724666,realrichardparker,true
PMC4748200,evelynkue,true
PMC4213536,anneclarisse,false
PMC4554399,ppseguel,true
PMC4800885,jaskiratsingh23,true
PMC3829901,ambermomin,true
PMC4909486,anneclarisse,true
PMC4725005,evelynkue,true
PMC4717945,jasleen29,true
PMC5339929,shruthikrish,false
PMC3863663,jcsick,true
PMC3641311,meganpearson,false
PMC3219855,henryrossiter,true
PMC4401865,jcsick,false
PMC2731890,jasleen29,false
PMC4210416,henryrossiter,false
PMC4750163,anneclarisse,true
PMC2858844,oceanwall,true
PMC3357263,ankimnguyen,false
PMC5348138,jasleen29,false
PMC3378868,mjsong1201,true
PMC3329738,jackchristen,false
PMC4078747,tonyli0409,true
PMC4570604,jackchristen,true
PMC4727475,jackchristen,false
PMC3013303,henryrossiter,true
PMC3148455,anneclarisse,false
PMC4354519,caifand,false
PMC5386927,mjsong1201,false
PMC4443294,mjsong1201,false
PMC2556094,henryrossiter,false
PMC4198632,sahilshahh,false
PMC4208630,carsonbrown19,true
PMC5220168,mjsong1201,false
PMC4634381,mjsong1201,false
PMC4731483,mrcyndns,true
PMC3297833,jackchristen,false
PMC4968915,brentbiglin,false
PMC3891697,anneclarisse,true
PMC3413126,sonakshigarg23,true
PMC4551318,henryrossiter,false
PMC4380950,sahilshahh,true
PMC3498803,tonyli0409,false
PMC4123385,henryrossiter,false
PMC2779296,henryrossiter,true
PMC3590560,w1001766,false
PMC4654549,jackchristen,false
PMC3020640,realrichardparker,false
PMC4386214,henryrossiter,false
PMC3374006,mrcyndns,false
PMC4097343,jasleen29,true
PMC2963841,anneclarisse,false
PMC3944355,carsonbrown19,false
PMC3773590,shruthikrish,false
PMC3447890,henryrossiter,false
PMC3984304,raghu-achukola,true
PMC5421183,carsonbrown19,true
PMC3933250,jasleen29,false
PMC2822604,courtneybroderick,true
PMC3268728,ankimnguyen,false
PMC5244966,jcsick,false
PMC5084721,jackchristen,false
PMC4832835,oceanwall,false
PMC3113190,oceanwall,true
PMC2878170,jackchristen,true
PMC5007093,ctjoe,false
PMC4453596,mjsong1201,false
PMC2781407,jasleen29,false
PMC4267110,mjsong1201,false
PMC3952829,oceanwall,true
PMC5266113,ankimnguyen,false
PMC4810492,evelynkue,true
PMC3891859,mjsong1201,false
PMC5147084,tonyli0409,true
PMC4192829,mrcyndns,true
PMC4923836,carsonbrown19,false
PMC2518727,mrcyndns,false
PMC4293555,jackchristen,true
PMC4093824,anneclarisse,false
PMC2874688,jackchristen,true
PMC4201231,brentbiglin,false
PMC5081333,jackchristen,true
PMC1888825,jackchristen,true
PMC2639317,oceanwall,true
PMC3831860,evelynkue,true
PMC2682500,realrichardparker,false
PMC2995975,mjsong1201,false
PMC3466050,jackchristen,true
PMC4184041,jasleen29,true
PMC4770866,jackchristen,false
PMC5355527,anneclarisse,false
PMC4616535,shruthikrish,false
PMC5029575,carsonbrown19,false
PMC3643056,jasleen29,true
PMC3064792,jackchristen,true
PMC4276895,ppseguel,false
PMC3259450,anneclarisse,true
PMC4150213,jackchristen,false
PMC4677704,carsonbrown19,true
PMC3671002,carsonbrown19,false
PMC4664599,ppseguel,true
PMC4907677,oceanwall,true
PMC4675816,jackchristen,false
PMC2768165,sonakshigarg23,false
PMC5253410,rajat-ahuja1997,true
PMC5078571,mjsong1201,false
PMC4919596,courtneybroderick,false
PMC4615379,oceanwall,false
PMC2808573,oceanwall,false
PMC2694372,jasleen29,true
PMC4615111,ankimnguyen,false
PMC5125993,courtneybroderick,true
PMC3198080,jasleen29,false
PMC2650971,carsonbrown19,false
PMC2684974,henryrossiter,true
PMC4368133,ankimnguyen,true
PMC3769026,anneclarisse,true
PMC3331263,mjsong1201,true
PMC4794876,sehreenali,true
PMC4386318,mjsong1201,false
PMC3399460,jasleen29,true
PMC3758215,meganpearson,false
PMC5334128,jasleen29,false
PMC4059915,henryrossiter,true
PMC4386563,courtneybroderick,false
PMC4593888,jaskiratsingh23,true
PMC4771038,jackchristen,false
PMC4685610,sehreenali,true
PMC2886355,jackchristen,false
PMC3361002,jackchristen,false
PMC4584013,ctjoe,false
PMC4441238,carsonbrown19,false
PMC4733208,jasleen29,false
PMC4943555,henryrossiter,true
PMC3708637,oceanwall,false
PMC4859379,carsonbrown19,true
PMC5228197,evelynkue,true
PMC4582504,evelynkue,true
PMC1851647,jackchristen,false
PMC2957005,w1001766,false
PMC3617713,sehreenali,true
PMC5244872,carsonbrown19,true
PMC4075826,jackchristen,true
PMC2995975,w1001766,false
PMC5372024,mrcyndns,false
PMC2958348,mjsong1201,true
PMC3356145,carsonbrown19,true
PMC3589787,mjsong1201,false
PMC4309350,henryrossiter,true
PMC4306576,jackchristen,false
PMC4630182,meganpearson,false
PMC4786864,mjsong1201,true
PMC3529402,jackchristen,false
PMC4103605,oceanwall,false
PMC3768732,oceanwall,true
PMC4299502,henryrossiter,false
PMC3785600,brentbiglin,false
PMC3619072,jcsick,false
PMC3425424,shruthikrish,false
PMC3790837,jasleen29,true
PMC3379598,jackchristen,false
PMC2963829,jackchristen,false
PMC4408226,courtneybroderick,false
PMC4282059,carsonbrown19,false
PMC4610773,jaskiratsingh23,true
PMC3287426,jackchristen,true
PMC3200513,tonyli0409,false
PMC5238813,shruthikrish,false
PMC4927739,mjsong1201,false
PMC5153275,oceanwall,true
PMC3915115,henryrossiter,false
PMC3793218,anneclarisse,true
PMC3979995,henryrossiter,false
PMC3770329,jasleen29,false
PMC3489740,henryrossiter,true
PMC5008171,jackchristen,false
PMC4295040,brentbiglin,true
PMC2686489,jackchristen,false
PMC3278723,mjsong1201,false
PMC5360659,jaskiratsingh23,true
PMC4573601,ankimnguyen,true
PMC4181210,henryrossiter,false
PMC3826769,mjsong1201,true
PMC5133663,jackchristen,false
PMC5244987,jasleen29,true
PMC4755061,jackchristen,true
PMC3341159,RealRichardParker,false
PMC2992565,mjsong1201,true
PMC3335230,realrichardparker,true
PMC3692048,henryrossiter,false
PMC5044929,oceanwall,true
PMC3448108,jasleen29,true
PMC2852086,jasleen29,true
PMC5381613,sonakshigarg23,true
PMC3664701,evelynkue,false
PMC4927911,evelynkue,true
PMC5221592,brentbiglin,false
PMC4174108,courtneybroderick,true
PMC3808809,shruthikrish,false
PMC5241128,anneclarisse,true
PMC4967564,jaskiratsingh23,true
PMC2736485,evelynkue,true
PMC3412319,oceanwall,true
PMC5108413,evelynkue,false
PMC4852604,henryrossiter,false
PMC5467422,jackchristen,false
PMC3506243,jackchristen,true
PMC4435308,jasleen29,true
PMC3857483,brentbiglin,false
PMC3630384,mjsong1201,false
PMC4293297,ankimnguyen,true
PMC2780877,ctjoe,false
PMC4152993,ctjoe,false
PMC3464772,jackchristen,false
PMC4047866,ankimnguyen,false
PMC4717961,raghu-achukola,false
PMC5010092,carsonbrown19,true
PMC5065646,henryrossiter,false
PMC3158666,ambermomin,false
PMC4760300,anneclarisse,false
PMC4404531,ankimnguyen,true
PMC4128692,mjsong1201,false
PMC4986689,jackchristen,false
PMC4024980,jasleen29,true
PMC5085403,mjsong1201,true
PMC5006809,carsonbrown19,true
PMC3049292,mjsong1201,false
PMC3084564,evelynkue,true
PMC3203616,mjsong1201,false
PMC4407839,ankimnguyen,false
PMC4907682,sehreenali,true
PMC3793542,carsonbrown19,false
PMC5063429,mjsong1201,true
PMC3276086,jackchristen,false
PMC3867720,ankimnguyen,true
PMC5345418,mjsong1201,true
PMC3341248,jackchristen,true
PMC3292310,henryrossiter,true
PMC5476471,carsonbrown19,false
PMC3331379,ankimnguyen,true
PMC5210605,carsonbrown19,false
PMC4148562,mjsong1201,true
PMC3339664,carsonbrown19,true
PMC3628511,jackchristen,false
PMC3520629,ambermomin,true
PMC4376262,sehreenali,false
PMC3148455,oceanwall,false
PMC3886096,henryrossiter,true
PMC4610780,carsonbrown19,true
PMC4374707,jackchristen,false
PMC3280600,sahilshahh,false
PMC4781772,jackchristen,true
PMC5103533,yashkar,true
PMC3194040,courtneybroderick,false
PMC3028489,ppseguel,false
PMC4610773,carsonbrown19,true
PMC3641357,oceanwall,false
PMC4049731,chimaezirim,false
PMC3479176,jasleen29,false
PMC4042634,jasleen29,false
PMC5387758,ankimnguyen,false
PMC4064952,jasleen29,true
PMC5217890,jackchristen,true
PMC5079881,shruthikrish,true
PMC4442889,henryrossiter,true
PMC4998785,mjsong1201,false
PMC3016117,jackchristen,true
PMC3296922,sonakshigarg23,false
PMC4622569,henryrossiter,false
PMC4823393,anneclarisse,false
PMC3065992,oceanwall,false
PMC4073488,oceanwall,true
PMC3337733,carsonbrown19,false
PMC2962296,jasleen29,true
PMC2248739,carsonbrown19,false
PMC4155134,jackchristen,true
PMC3558131,meganpearson,false
PMC3824685,anneclarisse,false
PMC5138571,jackchristen,false
PMC5300293,ankimnguyen,true
PMC4869848,anneclarisse,true
PMC5407455,yashkar,false
PMC2584180,jackchristen,false
PMC4421612,evelynkue,true
PMC5225149,jaskiratsingh23,false
PMC4560502,anneclarisse,true
PMC3790022,jackchristen,true
PMC2712799,jackchristen,true
PMC4268474,anneclarisse,true
PMC2703247,jackchristen,true
PMC4544809,sehreenali,true
PMC4168877,sehreenali,true
PMC4473108,sonakshigarg23,false
PMC4754077,courtneybroderick,false
PMC4507389,henryrossiter,true
PMC3331006,anneclarisse,true
PMC3339664,jackchristen,true
PMC5009042,oceanwall,false
PMC5321584,jackchristen,false
PMC3809360,tonyli0409,false
PMC5220128,jackchristen,false
PMC4027884,shruthikrish,false
PMC4989431,oceanwall,false
PMC5398324,ppseguel,true
PMC4626778,ankimnguyen,true
PMC3909089,jaskiratsingh23,false
PMC3104442,mrcyndns,false
PMC4521673,evelynkue,false
PMC3229071,sahilshahh,true
PMC5050532,brentbiglin,false
PMC4733714,oceanwall,true
PMC4495456,henryrossiter,false
PMC4132736,ankimnguyen,true
PMC4280422,brentbiglin,false
PMC4535552,henryrossiter,false
PMC5193284,brentbiglin,true
PMC5419945,jackchristen,true
PMC4163596,mjsong1201,true
PMC3881102,ankimnguyen,false
PMC5287318,sehreenali,true
PMC4999392,henryrossiter,true
PMC3964493,ankimnguyen,false
PMC3498927,yashkar,true
PMC4540966,jackchristen,false
PMC3790051,jackchristen,true
PMC2795385,mrcyndns,true
PMC4551074,brentbiglin,false
PMC1747177,mjsong1201,false
PMC4567100,sehreenali,true
PMC4832946,anneclarisse,false
PMC4510509,jackchristen,true
PMC4922354,jackchristen,false
PMC5107630,jasleen29,true
PMC4634622,tonyli0409,false
PMC5262502,carsonbrown19,false
PMC4521653,shruthikrish,true
PMC3366477,mjsong1201,true
PMC3271252,jasleen29,true
PMC2585846,sehreenali,false
PMC3521439,tonyli0409,true
PMC3655304,evelynkue,false
PMC3546086,meganpearson,true
PMC4141976,jaskiratsingh23,true
PMC5079219,sonakshigarg23,true
PMC4037998,jasleen29,true
PMC4060489,jasleen29,true
PMC5386927,jackchristen,false
PMC3999808,mjsong1201,false
PMC3589639,jackchristen,false
PMC4184729,oceanwall,true
PMC3389425,shruthikrish,false
PMC4751907,evelynkue,false
PMC3936631,yashkar,true
PMC5436526,ambermomin,false
PMC3007589,henryrossiter,false
PMC5424272,henryrossiter,false
PMC4863732,carsonbrown19,false
PMC3193002,shruthikrish,false
PMC3475216,carsonbrown19,true
PMC4262886,yashkar,true
PMC3913757,anneclarisse,true
PMC2708929,henryrossiter,true
PMC3794081,shruthikrish,true
PMC2881384,jackchristen,false
PMC3848925,jcsick,true
PMC5147108,carsonbrown19,true
PMC3935166,oceanwall,false
PMC4302498,ambermomin,true
PMC5077881,ankimnguyen,true
PMC3944319,ankimnguyen,true
PMC3263862,ambermomin,true
PMC3263864,henryrossiter,false
PMC3040438,evelynkue,false
PMC4543188,henryrossiter,true
PMC5266348,jasleen29,true
PMC3172448,ankimnguyen,true
PMC4505995,jcsick,false
PMC3628464,mjsong1201,true
PMC4977069,monicacho92,false
PMC3003812,anneclarisse,false
PMC5215597,oceanwall,false
PMC2860590,henryrossiter,true
PMC4973600,jackchristen,true
PMC4385725,oceanwall,false
PMC4733746,shruthikrish,true
PMC3745292,ankimnguyen,true
PMC4075797,evelynkue,true
PMC4093267,evelynkue,false
PMC4163634,mrcyndns,false
PMC3650246,meganpearson,false
PMC4918545,jackchristen,false
PMC3792603,mjsong1201,false
PMC3593553,mjsong1201,true
PMC5300298,mjsong1201,true
PMC4472590,henryrossiter,false
PMC4198906,ankimnguyen,true
PMC5453654,henryrossiter,true
PMC4062930,carsonbrown19,false
PMC4278978,anneclarisse,true
PMC4599048,anneclarisse,true
PMC3493641,courtneybroderick,true
PMC3749363,sehreenali,true
PMC3277331,jackchristen,true
PMC5271396,courtneybroderick,false
PMC5143422,henryrossiter,false
PMC3855073,jackchristen,true
PMC2978351,mjsong1201,false
PMC4839380,jackchristen,true
PMC4878562,shruthikrish,false
PMC3400920,ankimnguyen,true
PMC4717364,henryrossiter,true
PMC5113931,shruthikrish,false
PMC3293421,jackchristen,false
PMC4792212,courtneybroderick,false
PMC4049090,anneclarisse,false
PMC5359138,evelynkue,true
PMC4615379,jackchristen,false
PMC4975289,ambermomin,true
PMC3181787,oceanwall,true
PMC4780720,tonyli0409,false
PMC4453662,oceanwall,true
PMC3155146,jasleen29,true
PMC2808573,evelynkue,false
PMC4748904,henryrossiter,false
PMC3325299,jackchristen,true
PMC5306244,jackchristen,false
PMC2678927,jackchristen,false
PMC4623719,anneclarisse,false
PMC4309330,sahilshahh,false
PMC5440848,oceanwall,false
PMC3789839,jackchristen,false
PMC4478301,evelynkue,false
PMC5298144,oceanwall,true
PMC3764840,ankimnguyen,true
PMC3114242,jackchristen,true
PMC4901572,brentbiglin,true
PMC3087080,jasleen29,true
PMC5054108,jackchristen,false
PMC3768948,henryrossiter,true
PMC3499801,mjsong1201,true
PMC4719361,jackchristen,true
PMC3460214,rajat-ahuja1997,true
PMC3859226,jackchristen,false
PMC3446063,anneclarisse,true
PMC4282590,realrichardparker,true
PMC4475901,jasleen29,false
PMC5099213,brentbiglin,false
PMC4134488,oceanwall,true
PMC4276086,jasleen29,true
PMC5423319,brentbiglin,false
PMC4206820,jasleen29,true
PMC4371379,evelynkue,true
PMC5463043,jackchristen,false
PMC4725242,tonyli0409,true
PMC5106397,evelynkue,false
PMC3328383,henryrossiter,false
PMC4317227,oceanwall,true
PMC3693047,mrcyndns,true
PMC3589787,brentbiglin,false
PMC3693422,anneclarisse,false
PMC4583819,jcsick,false
PMC3343305,jackchristen,true
PMC4495251,anneclarisse,true
PMC2644281,anneclarisse,true
PMC5365287,jackchristen,true
PMC4198632,ctjoe,false
PMC5147514,jasleen29,false
PMC5089965,ppseguel,true
PMC5391828,jackchristen,true
PMC4370016,ankimnguyen,true
PMC4283970,oceanwall,true
PMC5364206,jaskiratsingh23,true
PMC3263395,carsonbrown19,true
PMC4380214,courtneybroderick,false
PMC5308435,oceanwall,false
PMC4673871,jackchristen,false
PMC5091050,sahilshahh,false
PMC4567233,mjsong1201,false
PMC3984761,jackchristen,false
PMC4620299,oceanwall,false
PMC5138868,ctjoe,true
PMC5147225,caifand,true
PMC3772920,anneclarisse,true
PMC5332056,yashkar,false
PMC4041307,shruthikrish,true
PMC5419665,brentbiglin,true
PMC4366970,henryrossiter,true
PMC4174215,realrichardparker,false
PMC4230620,brentbiglin,false
PMC4909517,jackchristen,true
PMC3401466,meganpearson,true
PMC4027710,carsonbrown19,false
PMC5076493,mjsong1201,true
PMC5129490,henryrossiter,false
PMC3932477,jasleen29,true
PMC3771852,courtneybroderick,false
PMC4665705,evelynkue,false
PMC3357279,carsonbrown19,true
PMC4188109,carsonbrown19,false
PMC4101770,tonyli0409,true
PMC4889704,henryrossiter,true
PMC2719196,henryrossiter,true
PMC3694184,carsonbrown19,false
PMC4574835,evelynkue,false
PMC5087259,henryrossiter,true
PMC4733714,jackchristen,true
PMC5358904,jackchristen,true
PMC4812504,ankimnguyen,false
PMC5476471,henryrossiter,false
PMC3276104,henryrossiter,false
PMC4605298,evelynkue,true
PMC2867195,oceanwall,false
PMC5360432,evelynkue,false
PMC4431426,carsonbrown19,false
PMC3355255,jackchristen,true
PMC3532996,oceanwall,false
PMC2808580,oceanwall,false
PMC3902401,anneclarisse,false
PMC3886109,henryrossiter,false
PMC5244966,mjsong1201,false
PMC4693078,jackchristen,true
PMC3568390,carsonbrown19,true
PMC4750616,carsonbrown19,false
PMC3952605,shruthikrish,true
PMC3977211,anneclarisse,false
PMC3986336,henryrossiter,true
PMC3881473,jcsick,false
PMC4401865,shruthikrish,false
PMC3900797,ankimnguyen,true
PMC5256350,mjsong1201,true
PMC4946520,mjsong1201,true
PMC3822024,jackchristen,false
PMC5118558,anneclarisse,true
PMC3794438,mjsong1201,false
PMC3285716,realrichardparker,false
PMC4342779,jackchristen,true
PMC4746599,sehreenali,true
PMC3908552,carsonbrown19,true
PMC3044586,jackchristen,false
PMC3610727,ankimnguyen,true
PMC4355434,ambermomin,false
PMC4280383,jackchristen,true
PMC4990427,mjsong1201,true
PMC3114318,jackchristen,true
PMC5329793,oceanwall,false
PMC2606938,henryrossiter,false
PMC3404709,carsonbrown19,true
PMC3493799,jackchristen,true
PMC5435595,mprabhudesai,true
PMC3385584,mjsong1201,false
PMC4579189,shruthikrish,true
PMC4820229,henryrossiter,true
PMC4615214,henryrossiter,false
PMC4705047,jackchristen,true
PMC4441238,mjsong1201,false
PMC4946456,evelynkue,true
PMC4361860,evelynkue,false
PMC5467779,oceanwall,false
PMC3494016,rajat-ahuja1997,false
PMC4733002,ankimnguyen,true
PMC4849853,jasleen29,true
PMC3418336,jackchristen,true
PMC5452632,mjsong1201,false
PMC2830412,ankimnguyen,false
PMC2997261,henryrossiter,true
PMC5039115,ambermomin,true
PMC4855904,henryrossiter,true
PMC4360221,oceanwall,false
PMC4399784,jackchristen,false
PMC4017255,henryrossiter,true
PMC4011927,jackchristen,true
PMC5055301,evelynkue,true
PMC4807949,henryrossiter,false
PMC4497354,henryrossiter,false
PMC4608605,evelynkue,true
PMC2632917,jasleen29,true
PMC3194784,ctjoe,true
PMC3749346,anneclarisse,false
PMC4280409,ppseguel,true
PMC5413540,mjsong1201,false
PMC5347493,anneclarisse,true
PMC2529246,mjsong1201,false
PMC3256755,meganpearson,false
PMC5111494,realrichardparker,false
PMC4387617,jackchristen,true
PMC3709529,oceanwall,false
PMC3146002,oceanwall,true
PMC3212666,tonyli0409,false
PMC2927939,jackchristen,false
PMC4521653,brentbiglin,true
PMC4621840,sehreenali,false
PMC3558167,anneclarisse,false
PMC2518490,mrcyndns,false
PMC4854981,oceanwall,true
PMC4345638,shruthikrish,false
PMC3709511,evelynkue,false
PMC4192806,realrichardparker,true
PMC4505989,ankimnguyen,false
PMC5402591,evelynkue,false
PMC4374707,oceanwall,false
PMC5051534,mrcyndns,true
PMC3754385,courtneybroderick,true
PMC3661168,anneclarisse,false
PMC3870176,mjsong1201,true
PMC2962286,mjsong1201,true
PMC2703206,w1001766,false
PMC4196871,mjsong1201,true
PMC4635843,mjsong1201,true
PMC4790474,tonyli0409,false
PMC4097190,tonyli0409,true
PMC3220898,jackchristen,true
PMC4898329,ankimnguyen,false
PMC5295802,oceanwall,false
PMC3765960,jackchristen,false
PMC5360432,jcsick,false
PMC2606979,evelynkue,true
PMC4504747,mjsong1201,false
PMC3521954,jackchristen,true
PMC4983639,ppseguel,false
PMC5219624,jackchristen,true
PMC5271433,meganpearson,false
PMC3479701,oceanwall,true
PMC3337733,mjsong1201,true
PMC3281721,realrichardparker,false
PMC4134488,jasleen29,true
PMC4900387,yashkar,false
PMC3428639,evelynkue,false
PMC4632933,jackchristen,false
PMC5426865,tonyli0409,true
PMC4025442,ppseguel,false
PMC5300027,jackchristen,false
PMC4913543,ankimnguyen,false
PMC4286759,mjsong1201,false
PMC4597698,jackchristen,true
PMC2809279,jackchristen,false
PMC5291565,jcsick,true
PMC5068237,courtneybroderick,false
PMC4481556,henryrossiter,false
PMC3944355,jackchristen,false
PMC3514035,jcsick,false
PMC4985394,jackchristen,false
PMC2686520,henryrossiter,false
PMC2872893,jackchristen,false
PMC3035800,raghu-achukol,false
PMC5407638,jasleen29,true
PMC4774641,henryrossiter,true
PMC2935919,courtneybroderick,false
PMC4764960,ppseguel,false
PMC3529531,mjsong1201,false
PMC3429821,carsonbrown19,false
PMC3956627,jackchristen,false
PMC4513598,henryrossiter,false
PMC4568887,jackchristen,true
PMC3887290,henryrossiter,false
PMC4883807,sehreenali,true
PMC4271550,oceanwall,false
PMC3724279,tonyli0409,false
PMC3105927,henryrossiter,true
PMC4275667,jasleen29,true
PMC4389438,oceanwall,false
PMC3808127,jackchristen,true
PMC4272955,carsonbrown19,true
PMC1635254,mjsong1201,false
PMC4214970,brentbiglin,false
PMC4918392,shruthikrish,true
PMC4437485,jackchristen,false
PMC3289039,vsanchana,false
PMC3468965,mjsong1201,true
PMC4155733,jackchristen,true
PMC3894438,shruthikrish,false
PMC3995242,yashkar,true
PMC2447807,henryrossiter,false
PMC5290687,jackchristen,true
PMC3075169,evelynkue,true
PMC5424967,oceanwall,true
PMC4389529,shruthikrish,false
PMC3028489,anneclarisse,false
PMC5049493,carsonbrown19,true
PMC3433859,tonyli0409,true
PMC4153526,anneclarisse,false
PMC3261729,realrichardparker,false
PMC3064789,mjsong1201,false
PMC2551693,jcsick,false
PMC4922354,anneclarisse,false
PMC3675294,courtneybroderick,false
PMC4153088,ankimnguyen,false
PMC3673637,oceanwall,true
PMC4174131,jackchristen,false
PMC4963544,jackchristen,false
PMC4531765,mjsong1201,false
PMC3936224,jackchristen,false
PMC4932490,jackchristen,true
PMC2627247,ankimnguyen,true
PMC5077443,mjsong1201,true
PMC3230829,meganpearson,false
PMC3749360,jackchristen,true
PMC5216448,jackchristen,false
PMC4004840,evelynkue,true
PMC2965247,jackchristen,true
PMC4309330,courtneybroderick,false
PMC4744260,jcsick,true
PMC3563119,yashkar,false
PMC4985391,henryrossiter,false
PMC4331978,anneclarisse,false
PMC4829190,anneclarisse,true
PMC3809880,henryrossiter,true
PMC3510025,sahilshahh,false
PMC3114389,anneclarisse,true
PMC3383125,anneclarisse,true
PMC4016806,jaskiratsingh23,false
PMC3326247,anneclarisse,true
PMC5061450,jackchristen,true
PMC4206141,courtneybroderick,true
PMC4164725,oceanwall,false
PMC5085425,carsonbrown19,true
PMC3913674,oceanwall,false
PMC4584665,tonyli0409,true
PMC2808884,henryrossiter,false
PMC4717942,jasleen29,false
PMC2890158,ankimnguyen,false
PMC4917775,jackchristen,false
PMC3582934,jackchristen,false
PMC4632900,jackchristen,false
PMC3841739,courtneybroderick,true
PMC3468768,ankimnguyen,true
PMC5122670,jackchristen,true
PMC4992001,henryrossiter,true
PMC3992355,jackchristen,true
PMC3722356,jcsick,false
PMC3276086,carsonbrown19,false
PMC4269546,mjsong1201,false
PMC4857864,henryrossiter,false
PMC3149144,jasleen29,true
PMC4689842,jackchristen,true
PMC3964559,carsonbrown19,false
PMC4542943,carsonbrown19,false
PMC4295041,anneclarisse,true
PMC4613151,mrcyndns,true
PMC5297944,jackchristen,true
PMC4225296,mjsong1201,false
PMC5210394,mjsong1201,false
PMC4894081,ctjoe,false
PMC5094513,jackchristen,false
PMC4582561,oceanwall,false
PMC2978351,raghu-achukola,false
PMC3906269,carsonbrown19,true
PMC3772259,shruthikrish,true
PMC5198113,rajat-ahuja1997,false
PMC5241585,jasleen29,false
PMC4356689,jasleen29,false
PMC3114356,jackchristen,true
PMC4012374,oceanwall,true
PMC3140372,jackchristen,false
PMC3595621,realrichardparker,true
PMC4310378,yashkar,false
PMC5383189,jackchristen,true
PMC4602685,henryrossiter,true
PMC5271580,jackchristen,true
PMC4865644,carsonbrown19,false
PMC4901906,anneclarisse,true
PMC5210542,jackchristen,false
PMC4576863,oceanwall,false
PMC3024503,rajat-ahuja1997,false
PMC3265807,jasleen29,true
PMC3383247,evelynkue,false
PMC4819136,jasleen29,true
PMC3546408,oceanwall,true
PMC3129971,jackchristen,false
PMC3575798,brentbiglin,false
PMC3694247,ankimnguyen,false
PMC5133398,jackchristen,true
PMC4685888,anneclarisse,true
PMC5041470,henryrossiter,false
PMC3408540,realrichardparker,true
PMC4414107,brentbiglin,true
PMC5153420,jasleen29,false
PMC5462257,evelynkue,false
PMC4301226,jackchristen,true
PMC4189227,mjsong1201,false
PMC5144680,jackchristen,false
PMC5132031,henryrossiter,false
PMC5295802,jackchristen,false
PMC3977165,tonyli0409,true
PMC4915762,ankimnguyen,false
PMC4582469,tonyli0409,false
PMC4230620,mjsong1201,false
PMC5055031,ctjoe,true
PMC4866283,jackchristen,true
PMC3324749,ankimnguyen,true
PMC4853588,jackchristen,false
PMC3890344,jackchristen,false
PMC3858196,ankimnguyen,true
PMC5118846,oceanwall,true
PMC4789845,brentbiglin,false
PMC5445908,henryrossiter,false
PMC5073501,evelynkue,true
PMC3789260,carsonbrown19,false
PMC5010335,jackchristen,true
PMC3072005,evelynkue,false
PMC2652046,evelynkue,false
PMC5019152,henryrossiter,false
PMC3994435,jackchristen,false
PMC3906269,mjsong1201,true
PMC2396796,oceanwall,true
PMC3479700,mjsong1201,true
PMC3318181,mjsong1201,false
PMC3463497,mrcyndns,false
PMC2978481,henryrossiter,true
PMC4208687,mrcyndns,false
PMC4273011,anneclarisse,true
PMC3017597,anneclarisse,false
PMC3251324,mjsong1201,false
PMC4752071,ppseguel,true
PMC4396969,mrcyndns,false
PMC3595153,jcsick,false
PMC4025442,henryrossiter,false
PMC3709529,jackchristen,false
PMC4093164,anneclarisse,false
PMC5310261,ankimnguyen,true
PMC4104102,meganpearson,true
PMC4162729,ctjoe,false
PMC5012598,jackchristen,false
PMC4527497,ambermomin,false
PMC3020919,ankimnguyen,true
PMC3329502,evelynkue,false
PMC4905200,evelynkue,true
PMC4443457,anneclarisse,false
PMC3337979,mjsong1201,false
PMC4079819,evelynkue,true
PMC5390613,jackchristen,false
PMC4816207,jasleen29,true
PMC4905837,mjsong1201,false
PMC4242897,evelynkue,false
PMC3604266,henryrossiter,false
PMC3331341,realrichardparker,true
PMC4622454,jackchristen,false
PMC3943848,sehreenali,true
PMC3945482,realrichardparker,true
PMC3114353,ankimnguyen,true
PMC3794438,vsanchana,false
PMC3220261,brentbiglin,false
PMC5346310,ppseguel,true
PMC3531733,jackchristen,false
PMC2661600,tonyli0409,false
PMC4977818,sehreenali,true
PMC3474945,ankimnguyen,false
PMC3905533,yashkar,false
PMC5460738,raghu-achukola,true
PMC5123623,jackchristen,true
PMC4727202,jackchristen,true
PMC3044561,anneclarisse,true
PMC5040012,henryrossiter,false
PMC4183043,jackchristen,false
PMC3731646,evelynkue,false
PMC4107842,henryrossiter,false
PMC4618831,ankimnguyen,false
PMC4004907,mjsong1201,false
PMC5109890,shruthikrish,false
PMC5214900,evelynkue,true
PMC5387955,anneclarisse,false
PMC4214970,yashkar,false
PMC4215532,jasleen29,false
PMC3648837,jasleen29,false
PMC5198063,evelynkue,true
PMC3806668,henryrossiter,true
PMC4842857,oceanwall,false
PMC5110581,evelynkue,true
PMC5130055,jackchristen,false
PMC4596447,jackchristen,true
PMC4820195,courtneybroderick,false
PMC4496510,carsonbrown19,false
PMC4941098,henryrossiter,true
PMC3388559,ankimnguyen,false
PMC4654549,mjsong1201,false
PMC3948830,yashkar,true
PMC1781122,tonyli0409,true
PMC4264456,yashkar,false
PMC5359137,ambermomin,false
PMC4531739,jackchristen,false
PMC4295038,henryrossiter,true
PMC5240763,jackchristen,true
PMC4666316,realrichardparker,false
PMC5314818,oceanwall,false
PMC5247570,jackchristen,false
PMC5440028,ankimnguyen,true
PMC4431026,henryrossiter,true
PMC3489763,jackchristen,true
PMC5293301,henryrossiter,false
PMC3030791,mjsong1201,false
PMC3718976,jackchristen,false
PMC5115206,jaskiratsingh23,true
PMC3865466,mjsong1201,true
PMC4832950,brentbiglin,false
PMC4583706,mjsong1201,false
PMC3531927,mjsong1201,true
PMC4389527,jasleen29,true
PMC4508259,jackchristen,false
PMC3816860,yashkar,false
PMC3018006,anneclarisse,false
PMC4075797,mjsong1201,true
PMC3630384,evelynkue,false
PMC4214812,realrichardparker,false
PMC3220261,shruthikrish,false
PMC3797891,meganpearson,true
PMC2795382,henryrossiter,true
PMC3336653,carsonbrown19,true
PMC4689249,jasleen29,true
PMC5029585,jackchristen,true
PMC5320029,anneclarisse,false
PMC5121195,mrcyndns,true
PMC4835540,henryrossiter,false
PMC3464321,oceanwall,false
PMC4925014,evelynkue,false
PMC3488224,oceanwall,true
PMC3890344,oceanwall,false
PMC2816857,jackchristen,true
PMC4731950,evelynkue,true
PMC4642173,ppseguel,false
PMC4435329,henryrossiter,true
PMC5079926,mjsong1201,true
PMC4540138,jasleen29,true
PMC4996928,carsonbrown19,true
PMC4317475,courtneybroderick,false
PMC4755524,anneclarisse,false
PMC4163887,oceanwall,true
PMC4351325,henryrossiter,true
PMC3055594,tonyli0409,false
PMC2034468,carsonbrown19,true
PMC5137495,jackchristen,false
PMC3368359,realrichardparker,false
PMC4958110,ctjoe,false
PMC3939454,sehreenali,false
PMC3013677,carsonbrown19,false
PMC3782726,shruthikrish,true
PMC3927753,ankimnguyen,false
PMC3218131,brentbiglin,false
PMC5422734,henryrossiter,true
PMC5412482,oceanwall,true
PMC3749802,anneclarisse,false
PMC5407229,oceanwall,false
PMC4644632,jcsick,false
PMC3955898,oceanwall,false
PMC4357732,jackchristen,false
PMC5272950,jackchristen,true
PMC5036242,carsonbrown19,true
PMC4651396,mjsong1201,false
PMC4333854,yashkar,true
PMC4205716,carsonbrown19,false
PMC3058730,jackchristen,false
PMC4632117,henryrossiter,false
PMC5166516,tonyli0409,true
PMC4323784,tonyli0409,false
PMC4799566,realrichardparker,false
PMC4120417,evelynkue,false
PMC5476584,jackchristen,false
PMC5181807,realrichardparker,false
PMC2453617,oceanwall,false
PMC5121256,evelynkue,false
PMC4220282,carsonbrown19,true
PMC4428716,jaskiratsingh23,false
PMC4450657,henryrossiter,true
PMC4853824,jackchristen,true
PMC3915960,anneclarisse,true
PMC4799210,jackchristen,true
PMC3881628,evelynkue,true
PMC4582502,oceanwall,true
PMC3728194,ankimnguyen,true
PMC4963166,henryrossiter,false
PMC3507582,ankimnguyen,false
PMC3722356,brentbiglin,false
PMC3146002,carsonbrown19,true
PMC3003812,ppseguel,false
PMC3249279,carsonbrown19,true
PMC4492334,anneclarisse,false
PMC3031000,oceanwall,false
PMC2816832,shruthikrish,false
PMC5382029,vsanchana,false
PMC4531765,w1001766,false
PMC4094575,yashkar,false
PMC3446116,jasleen29,false
PMC4272966,mjsong1201,true
PMC4926320,mrcyndns,true
PMC3010901,jackchristen,false
PMC3768679,jackchristen,false
PMC4216388,oceanwall,true
PMC4756342,sonakshigarg23,true
PMC4977128,jasleen29,false
PMC3285716,oceanwall,false
PMC5020575,jackchristen,false
PMC4976685,mjsong1201,true
PMC3881628,oceanwall,true
PMC5414882,jasleen29,false
PMC3315194,evelynkue,false
PMC3341159,mjsong1201,false
PMC3469449,anneclarisse,true
PMC5016906,henryrossiter,false
PMC4548766,ankimnguyen,false
PMC3345378,mjsong1201,true
PMC2736487,henryrossiter,false
PMC5129080,henryrossiter,true
PMC4801153,oceanwall,false
PMC2731541,yashkar,false
PMC3259236,yashkar,false
PMC4435384,carsonbrown19,true
PMC3261704,oceanwall,false
PMC4615090,brentbiglin,true
PMC2996622,ctjoe,false
PMC3005213,henryrossiter,true
PMC3897564,henryrossiter,true
PMC3077646,evelynkue,false
PMC5458873,ankimnguyen,true
PMC5013290,raghu-achukola,false
PMC5090031,ankimnguyen,true
PMC3172524,jackchristen,true
PMC5078273,henryrossiter,true
PMC3583358,carsonbrown19,true
PMC5453893,mjsong1201,false
PMC4564743,oceanwall,false
PMC2700377,ppseguel,false
PMC4675898,evelynkue,false
PMC4738122,carsonbrown19,true
PMC4585391,ankimnguyen,false
PMC5143777,mjsong1201,true
PMC4421576,henryrossiter,true
PMC4912054,mjsong1201,true
PMC2886355,henryrossiter,false
PMC4163670,henryrossiter,true
PMC3278951,evelynkue,true
PMC4871909,ankimnguyen,true
PMC3280600,realrichardparker,false
PMC4820668,jackchristen,true
PMC5454447,carsonbrown19,true
PMC3639448,henryrossiter,false
PMC4506345,anneclarisse,false
PMC5478307,mjsong1201,false
PMC4776054,mjsong1201,false
PMC3337072,oceanwall,false
PMC5084670,jackchristen,false
PMC3836143,henryrossiter,false
PMC4453845,anneclarisse,false
PMC4913653,realrichardparker,false
PMC5300861,jasleen29,false
PMC4694603,raghu-achukola,true
PMC4787772,henryrossiter,false
PMC3579917,jackchristen,true
PMC3425424,mjsong1201,false
PMC5223067,henryrossiter,true
PMC3848925,raghu-achukola,true
PMC3289777,sehreenali,false
PMC5111096,sonakshigarg23,true
PMC3819903,jackchristen,false
PMC3249287,jcsick,false
PMC3409707,oceanwall,true
PMC4389529,mjsong1201,false
PMC5462700,sehreenali,false
PMC4644610,yashkar,false
PMC3223056,mjsong1201,false
PMC3419515,jackchristen,false
PMC3105518,henryrossiter,false
PMC5080194,mrcyndns,false
PMC3467590,mjsong1201,false
PMC3085624,evelynkue,false
PMC3112533,realrichardparker,false
PMC3859226,mjsong1201,false
PMC4354499,mjsong1201,false
PMC3825938,mjsong1201,false
PMC5066375,jasleen29,true
PMC5011596,raghu-achukola,false
PMC3481138,brentbiglin,false
PMC3460214,ppseguel,true
PMC2778333,jackchristen,true
PMC4950899,jasleen29,false
PMC4972898,henryrossiter,true
PMC5207597,carsonbrown19,false
PMC3674056,oceanwall,true
PMC4181735,evelynkue,false
PMC4133965,jackchristen,true
PMC2386104,anneclarisse,true
PMC4152993,tonyli0409,false
PMC4430137,evelynkue,true
PMC3129971,evelynkue,false
PMC3457044,carsonbrown19,true
PMC4230595,henryrossiter,false
PMC5433329,anneclarisse,true
PMC4521673,mjsong1201,false
PMC5441439,ankimnguyen,true
PMC5092513,brentbiglin,true
PMC4918545,anneclarisse,false
PMC4773208,anneclarisse,true
PMC5055114,anneclarisse,true
PMC4147741,mjsong1201,true
PMC5241128,brentbiglin,true
PMC5446083,jackchristen,false
PMC5076493,jcsick,true
PMC3971421,jcsick,true
PMC3070272,evelynkue,true
PMC4849384,jasleen29,false
PMC5440001,ankimnguyen,false
PMC4555517,ppseguel,true
PMC4316942,anneclarisse,false
PMC4541475,evelynkue,false
PMC4066774,mjsong1201,false
PMC2602909,mjsong1201,false
PMC1849898,evelynkue,false
PMC4384862,henryrossiter,false
PMC3033187,ankimnguyen,false
PMC3794081,jcsick,true
PMC4128792,caifand,false
PMC5293859,mjsong1201,false
PMC5039120,shruthikrish,false
PMC4101108,oceanwall,true
PMC4913561,tonyli0409,true
PMC4431321,evelynkue,true
PMC3516051,mjsong1201,false
PMC5122049,evelynkue,true
PMC4521266,oceanwall,true
PMC5095638,yashkar,false
PMC4237171,henryrossiter,true
PMC5071723,jasleen29,false
PMC4930280,jackchristen,false
PMC2895706,jcsick,false
PMC5360361,mjsong1201,false
PMC5372150,tonyli0409,false
PMC3365791,realrichardparker,false
PMC4635843,shruthikrish,true
PMC5422734,jackchristen,true
PMC5076548,mrcyndns,false
PMC4160583,mrcyndns,false
PMC4004840,jackchristen,true
PMC4146730,anneclarisse,false
PMC4278978,sehreenali,true
PMC3829989,ppseguel,false
PMC4327276,henryrossiter,false
PMC4888764,brentbiglin,false
PMC4061544,jackchristen,true
PMC5390806,mjsong1201,true
PMC4700408,monicacho92,false
PMC4809576,ankimnguyen,true
PMC4230779,yashkar,true
PMC5115524,jasleen29,true
PMC4327461,jackchristen,true
PMC2911847,anneclarisse,false
PMC4905837,oceanwall,false
PMC4689249,ankimnguyen,true
PMC4564314,carsonbrown19,true
PMC4366701,shruthikrish,false
PMC4859379,sonakshigarg23,true
PMC5372019,tonyli0409,false
PMC4104109,anneclarisse,true
PMC3132874,henryrossiter,false
PMC5256350,anneclarisse,true
PMC5261842,jackchristen,true
PMC3134358,jackchristen,true
PMC4701795,henryrossiter,true
PMC4204415,jackchristen,true
PMC4718351,shruthikrish,false
PMC3309253,anneclarisse,false
PMC5019270,sehreenali,true
PMC4878935,henryrossiter,true
PMC2815316,jackchristen,false
PMC4743729,carsonbrown19,false
PMC3060514,brentbiglin,false
PMC5091022,brentbiglin,false
PMC5381479,henryrossiter,false
PMC3475340,jaskiratsingh23,true
PMC4722096,raghu-achukola,true
PMC5422339,jasleen29,true
PMC4733746,mjsong1201,true
PMC3832812,mrcyndns,false
PMC3880993,realrichardparker,false
PMC4410084,evelynkue,false
PMC4272966,shruthikrish,true
PMC5451875,courtneybroderick,false
PMC5457832,mrcyndns,true
PMC3734831,realrichardparker,false
PMC5023377,ankimnguyen,false
PMC5390613,mjsong1201,false
PMC4951474,brentbiglin,false
PMC3518713,yashkar,true
PMC3921707,jackchristen,true
PMC3172535,yashkar,true
PMC4039861,jackchristen,false
PMC3937109,anneclarisse,true
PMC3835501,oceanwall,false
PMC5466216,mjsong1201,false
PMC3866316,jackchristen,true
PMC3351154,jasleen29,true
PMC5428908,realrichardparker,false
PMC3357386,ankimnguyen,true
PMC3624981,jackchristen,false
PMC3382693,evelynkue,true
PMC4120377,jackchristen,false
PMC2795375,mjsong1201,true
PMC3544755,tonyli0409,true
PMC3485809,oceanwall,true
PMC3236159,jackchristen,false
PMC5383195,jackchristen,true
PMC5332878,henryrossiter,true
PMC3816894,ambermomin,true
PMC2970831,henryrossiter,true
PMC3404480,evelynkue,false
PMC4334998,courtneybroderick,true
PMC3796294,vsanchana,false
PMC3819694,henryrossiter,true
PMC3084562,shruthikrish,true
PMC4407761,vsanchana,false
PMC4579164,henryrossiter,false
PMC5077509,mjsong1201,true
PMC5216448,evelynkue,false
PMC4066774,anneclarisse,false
PMC5272932,jackchristen,true
PMC3880232,sehreenali,false
PMC4201231,sehreenali,true
PMC2806324,henryrossiter,false
PMC5266189,courtneybroderick,false
PMC5122609,mjsong1201,false
PMC4150201,realrichardparker,false
PMC4597519,caifand,true
PMC4272497,henryrossiter,false
PMC3956661,henryrossiter,true
PMC3542452,tonyli0409,false
PMC3334951,oceanwall,false
PMC3939326,tonyli0409,true
PMC4435381,jackchristen,true
PMC2633203,henryrossiter,false
PMC5359128,henryrossiter,false
PMC3741563,ankimnguyen,true
PMC4994731,yashkar,true
PMC5106397,oceanwall,false
PMC3661633,sehreenali,true
PMC4927850,brentbiglin,true
PMC4792979,carsonbrown19,false
PMC4210749,anneclarisse,true
PMC4767401,jaskiratsingh23,false
PMC4396969,mjsong1201,false
PMC4941178,anneclarisse,true
PMC2596709,jackchristen,true
PMC4621721,evelynkue,false
PMC4322207,henryrossiter,false
PMC4091090,jackchristen,true
PMC3600596,jasleen29,false
PMC3549250,sonakshigarg23,false
PMC5039120,brentbiglin,false
PMC3552537,henryrossiter,false
PMC2872815,anneclarisse,true
PMC4303280,jackchristen,false
PMC4646224,jasleen29,false
PMC2948376,ctjoe,true
PMC2955740,jackchristen,false
PMC5458338,brentbiglin,false
PMC3611058,mjsong1201,true
PMC3284254,evelynkue,false
PMC2816335,anneclarisse,true
PMC4234332,jackchristen,false
PMC4740966,jackchristen,false
PMC4435249,henryrossiter,true
PMC4499551,jackchristen,true
PMC4589713,jcsick,false
PMC5092292,ankimnguyen,true
PMC5032163,henryrossiter,false
PMC4804682,jackchristen,true
PMC4724700,henryrossiter,true
PMC3668108,ankimnguyen,true
PMC5352835,mjsong1201,true
PMC5021055,henryrossiter,false
PMC2826650,mrcyndns,false
PMC3960616,jackchristen,false
PMC4951770,realrichardparker,false
PMC3408296,henryrossiter,true
PMC5109095,courtneybroderick,true
PMC4956872,tonyli0409,true
PMC5091022,mjsong1201,false
PMC4842422,tonyli0409,true
PMC3018122,courtneybroderick,false
PMC5136418,tonyli0409,true
PMC4296915,mrcyndns,false
PMC4859836,anneclarisse,true
PMC5292639,jackchristen,false
PMC3281721,jackchristen,false
PMC5055114,jackchristen,true
PMC3862696,yashkar,true
PMC3992336,shruthikrish,true
PMC3768955,ppseguel,false
PMC3277442,shruthikrish,true
PMC2626662,jackchristen,false
PMC3741437,jaskiratsingh23,true
PMC2958345,brentbiglin,true
PMC5415270,ankimnguyen,true
PMC1934993,courtneybroderick,false
PMC3392846,mrcyndns,false
PMC4717398,jackchristen,true
PMC5435264,henryrossiter,false
PMC4108255,mrcyndns,true
PMC3583926,tonyli0409,true
PMC4162729,mjsong1201,false
PMC3674238,jackchristen,false
PMC3280433,realrichardparker,false
PMC3309518,mjsong1201,false
PMC2649809,jcsick,false
PMC3001088,jackchristen,false
PMC3394976,anneclarisse,false
PMC4966572,carsonbrown19,false
PMC4503903,evelynkue,false
PMC3806673,anneclarisse,true
PMC3805657,mjsong1201,true
PMC4330027,jackchristen,true
PMC4664003,sehreenali,false
PMC4411514,mjsong1201,false
PMC3984197,carsonbrown19,false
PMC3674056,evelynkue,true
PMC5234238,yashkar,false
PMC3821692,henryrossiter,true
PMC4026639,mjsong1201,true
PMC5147388,henryrossiter,true
PMC5096036,ankimnguyen,false
PMC3308275,carsonbrown19,true
PMC3245946,courtneybroderick,false
PMC4454910,ankimnguyen,false
PMC3404709,jasleen29,true
PMC4976915,carsonbrown19,false
PMC3506820,henryrossiter,true
PMC4614601,ankimnguyen,false
PMC3941719,tonyli0409,true
PMC3130168,evelynkue,false
PMC4061544,carsonbrown19,true
PMC3575585,mjsong1201,true
PMC4221951,jackchristen,false
PMC3184742,henryrossiter,false
PMC5387955,oceanwall,false
PMC3915349,tonyli0409,true
PMC3494016,ppseguel,false
PMC4173757,mjsong1201,false
PMC5308478,jackchristen,true
PMC4485686,yashkar,true
PMC2823527,evelynkue,true
PMC4046132,brentbiglin,true
PMC4523486,tonyli0409,false
PMC3265806,evelynkue,true
PMC5056991,henryrossiter,false
PMC3337072,jackchristen,false
PMC5284477,mjsong1201,false
PMC4286908,jaskiratsingh23,true
PMC3507266,yashkar,false
PMC3963535,caifand,true
PMC2850939,yashkar,false
PMC2789947,yashkar,false
PMC3808809,mjsong1201,false
PMC4414101,shruthikrish,true
PMC5226643,jackchristen,false
PMC4640439,oceanwall,false
PMC4357677,jackchristen,false
PMC3011172,rajat-ahuja1997,true
PMC4093655,jackchristen,true
PMC3768621,jaskiratsingh23,true
PMC3408938,anneclarisse,true
PMC3269636,jasleen29,true
PMC5149064,oceanwall,false
PMC2626671,jcsick,false
PMC2893369,jasleen29,true
PMC3778302,jasleen29,false
PMC5126167,jackchristen,true
PMC3355962,evelynkue,true
PMC3821792,ambermomin,false
PMC4801132,jackchristen,false
PMC3607824,anneclarisse,true
PMC2570388,sehreenali,false
PMC5264211,jasleen29,true
PMC4307762,henryrossiter,false
PMC3284748,sehreenali,true
PMC5409129,ctjoe,true
PMC4623144,ankimnguyen,false
PMC3001065,carsonbrown19,true
PMC3531927,brentbiglin,true
PMC4968641,ankimnguyen,true
PMC5077443,raghu-achukola,true
PMC3575563,oceanwall,false
PMC2908652,evelynkue,true
PMC4921935,tonyli0409,true
PMC5339831,brentbiglin,false
PMC2530889,carsonbrown19,true
PMC2633202,jackchristen,true
PMC4870320,yashkar,false
PMC2396796,jackchristen,true
PMC3898763,jasleen29,false
PMC4530448,jackchristen,false
PMC4969844,ankimnguyen,true
PMC3442822,henryrossiter,false
PMC5040080,shruthikrish,true
PMC5414856,jackchristen,false
PMC5054170,carsonbrown19,true
PMC5378987,henryrossiter,false
PMC4840189,mjsong1201,true
PMC5419665,mjsong1201,true
PMC4152993,jlcohoon,false
PMC4057327,shruthikrish,false
PMC4731563,tonyli0409,false
PMC4264042,henryrossiter,false
PMC3015515,brentbiglin,true
PMC3876307,henryrossiter,true
PMC4567174,carsonbrown19,false
PMC3148884,evelynkue,true
PMC2827497,yashkar,false
PMC3995286,oceanwall,false
PMC4075858,brentbiglin,true
PMC3370925,carsonbrown19,false
PMC4414107,sahilshahh,true
PMC2552405,carsonbrown19,true
PMC4536843,anneclarisse,false
PMC5092941,mjsong1201,true
PMC3763098,jackchristen,false
PMC4553351,ankimnguyen,false
PMC4501418,yashkar,false
PMC4213536,yashkar,false
PMC3071219,anneclarisse,true
PMC3114353,carsonbrown19,true
PMC3355935,oceanwall,true
PMC2920066,anneclarisse,false
PMC1933159,mjsong1201,false
PMC3793542,realrichardparker,false
PMC4274470,mjsong1201,false
PMC4841865,henryrossiter,true
PMC4894081,realrichardparker,false
PMC4005350,meganpearson,true
PMC2967174,mjsong1201,true
PMC5045956,sahilshahh,false
PMC4544809,henryrossiter,true
PMC4589431,shruthikrish,true
PMC4989302,carsonbrown19,false
PMC3539111,brentbiglin,true
PMC5091065,jackchristen,false
PMC3769764,mjsong1201,false
PMC2971576,jackchristen,false
PMC4840189,anneclarisse,false
PMC5079881,mrcyndns,true
PMC5210339,jackchristen,false
PMC5122123,mrcyndns,true
PMC2683711,jackchristen,true
PMC4453642,mjsong1201,false
PMC2882571,henryrossiter,false
PMC4664860,mjsong1201,true
PMC5135399,oceanwall,false
PMC4667234,jackchristen,false
PMC3925948,oceanwall,false
PMC3011172,evelynkue,true
PMC5111732,ctjoe,true
PMC4780236,meganpearson,true
PMC4371237,henryrossiter,true
PMC4316217,jasleen29,true
PMC4302187,jackchristen,true
PMC5066857,henryrossiter,false
PMC5265988,jackchristen,false
PMC4213703,sahilshahh,false
PMC3128530,ambermomin,false
PMC4554393,ankimnguyen,false
PMC4736987,henryrossiter,false
PMC5078256,mrcyndns,true
PMC3297063,oceanwall,true
PMC4396889,mjsong1201,true
PMC4100690,anneclarisse,true
PMC4345635,evelynkue,true
PMC3062794,ankimnguyen,true
PMC4165303,mjsong1201,true
PMC4830324,ankimnguyen,true
PMC4131081,jaskiratsingh23,false
PMC3013778,oceanwall,false
PMC4679799,oceanwall,false
PMC5288459,carsonbrown19,true
PMC3619103,anneclarisse,false
PMC3785596,jackchristen,true
PMC5040080,brentbiglin,true
PMC4155859,jackchristen,true
PMC4666316,mjsong1201,false
PMC3406768,jaskiratsingh23,false
PMC4713128,anneclarisse,false
